username,acctdesc,location,following,totaltweets,usercreatedts,tweetcreatedts,retweetcount,text,hashtags,followers
Gazali05387868,,,96,89,20122,2020-01-07 13:55:49,2021-02-14 23:58:15,167,"Keterlibatan Keluarga MENTERI BUMN Erick Thohir Atas Bisnis Vaksin SINOVAC Dari RRC Rp. 2,6 Trilliun?
 Pernah Dengar Istilah CONFLICT OF INTEREST? Atau Pak Menteri Erick Thohir Tidak Peduli? Presiden Jokowi Tidak Peduli Atau Malah Merestui?

https://t.co/9oil8otYKU",[]
tempodotco,"Official Twitter account of Tempo Media Group. Follow us for breaking news, current events, special reports, and something more from https://t.co/X6ONLydjhj",Indonesia,25,1728065,900740,2008-12-15 03:54:15,2021-02-14 23:57:34,1,"Vaksinasi COVID-19 produksi Sinovac diyakini Ketua Pengurus Besar Perhimpunan Gerontologi Medik Indonesia (Pergemi) Siti Setiati aman dan mampu melindungi kekebalan pada tubuh individu berusia lanjut. #TempoVideo
https://t.co/uOlI0Fddnq","[{'text': 'TempoVideo', 'indices': [201, 212]}]"
AsyirahP,"Mutualan kuy , baru bikin",,45,24,46,2021-01-25 05:24:16,2021-02-14 23:57:13,0,"Total ada 230.293 org tenaga kesehatan, yang seharusnya menerima vaksin Covid - 19 Sinovac, berdasarkan data yang dihimpun Dinkes Provinsi Jawa Timur",[]
DedeApripirrr,"Dipanggang , tidak digoreng",,72,38,42,2021-01-21 16:17:09,2021-02-14 23:55:28,0,"Total ada 230.293 orang tenaga kesehatan, yg seharusnya menerima vaksin Covid - 19 Sinovac, berdasarkan data yg dihimpun Dinkes Provinsi Jatim",[]
perangutan_,"Allahummaghfirlahum warhamhum. Hanya kasih & kekuatan dari Penguasa Pemilik Hakiki Alam & Kehidupan. Pembela Islam dilarang, setidaknya biarkan Pemeluk Islam.",Indonesia,1215,1177,39705,2018-07-11 15:21:14,2021-02-14 23:54:13,167,"Keterlibatan Keluarga MENTERI BUMN Erick Thohir Atas Bisnis Vaksin SINOVAC Dari RRC Rp. 2,6 Trilliun?
 Pernah Dengar Istilah CONFLICT OF INTEREST? Atau Pak Menteri Erick Thohir Tidak Peduli? Presiden Jokowi Tidak Peduli Atau Malah Merestui?

https://t.co/9oil8otYKU",[]
BastoniAnton,"Tampang preman , hati hellokity",,51,32,41,2021-01-21 16:17:10,2021-02-14 23:53:33,0,"Total ada 230.293 orng tenaga kesehatan, yang seharusnya menerima vaksin Covid - 19 Sinovac, berdasarkan data yang dihimpun Dinkes Jawa Timur",[]
AfifRosyidik,Cimol kentang,,38,29,43,2021-01-21 15:16:05,2021-02-14 23:51:45,0,"Total ada 230.293 org tenaga kesehatan, yg seharusnya menerima vaksin Covid - 19 Sinovac, berdasarkan data yg dihimpun Dinkes Jatim",[]
RUSYDAN62544336,bandar gabah,,72,106,19142,2019-12-23 10:43:16,2021-02-14 23:49:26,167,"Keterlibatan Keluarga MENTERI BUMN Erick Thohir Atas Bisnis Vaksin SINOVAC Dari RRC Rp. 2,6 Trilliun?
 Pernah Dengar Istilah CONFLICT OF INTEREST? Atau Pak Menteri Erick Thohir Tidak Peduli? Presiden Jokowi Tidak Peduli Atau Malah Merestui?

https://t.co/9oil8otYKU",[]
VenaAprilia13,Tim bubur ga di aduk,,39,26,44,2021-01-19 06:42:10,2021-02-14 23:44:20,0,"Berdasar data yang dihimpun Dinkes Provinsi Jawa Timur, total ada 230.293 org tenaga kesehatan, yang seharusnya menerima vaksin Covid - 19 Sinovac",[]
SekarDamayant16,Terus berjuang,,53,34,43,2021-01-19 06:09:52,2021-02-14 23:42:51,0,"Berdasar data yg dihimpun Dinkes Provinsi Jatim, total ada 230.293 orang tenaga kesehatan, yg seharusnya menerima vaksin Covid - 19 Sinovac",[]
Salsabifit,,,45,29,42,2021-01-19 06:09:52,2021-02-14 23:40:54,0,"Berdasar data yang dihimpun Dinkes Jawa Timur, total ada 230.293 orng tenaga kesehatan, yang seharusnya menerima vaksin Covid - 19 Sinovac",[]
NurulAddilla,,,51,33,43,2021-01-19 05:37:25,2021-02-14 23:39:18,0,"Berdasar data yg dihimpun Dinkes Jatim, total ada 230.293 org tenaga kesehatan, yg seharusnya menerima vaksin Covid - 19 Sinovac",[]
MYusaputra,Wedos dawet,,57,40,40,2021-01-19 04:10:45,2021-02-14 23:37:19,0,Pembagian kelompok tersebut didasarkan pada tingkatan risiko tertularnya Covid - 19. Sebab jumlah vaksin Covid - 19 Sinovac yang diterima Pemprov Provinsi Jawa Timur dikirikan pmrintah pusat secara bertahap,[]
FajriArifin4,"Aku siapa , aku siapaaaa",,45,38,37,2021-01-19 03:52:53,2021-02-14 23:35:36,0,Pembagian kelompok tersebut didasarkan pada tingkatan risiko tertularnya Covid - 19. Sebab jumlah vaksin Covid - 19 Sinovac yg diterima Pemprov Provinsi Jatim dikirikan pmerintah pusat secara bertahap,[]
AisyahPutriLe11,Selalu berikan yang terbaik,,44,26,43,2021-01-19 02:28:45,2021-02-14 23:34:12,0,Pembagian kelompok tersebut didasarkan pada tingkatan risiko tertularnya Covid - 19. Sebab jumlah vaksin Covid - 19 Sinovac yang diterima Pemprov Jawa Timur dikirikan pemrintah pusat secara bertahap,[]
VianaDamayanti1,"Baru netes , cari mutualan",,56,29,42,2021-01-18 10:28:46,2021-02-14 23:32:50,0,Pembagian kelompok tersebut didasarkan pada tingkatan risiko tertularnya Covid - 19. Sebab jumlah vaksin Covid - 19 Sinovac yg diterima Pemprov Jatim dikirikan pmrnth pusat secara bertahap,[]
AndiHeryanto17,Males liat dia uwu,,53,31,47,2021-01-18 04:11:39,2021-02-14 23:25:05,0,Jumlah vaksin Covid - 19 Sinovac yang diterima Pemprov Provinsi Jawa Timur dikirikan pmrintah pusat secara bertahap,[]
SerlinaWulanda1,Coba aja dah,,59,25,47,2021-01-15 09:26:45,2021-02-14 23:24:04,0,Jumlah vaksin Covid - 19 Sinovac yg diterima Pemprov Provinsi Jatim dikirikan pmerintah pusat secara bertahap,[]
RudiPrattatata,,,57,25,42,2021-01-15 07:56:21,2021-02-14 23:22:05,0,Jumlah vaksin Covid - 19 Sinovac yang diterima Pemprov Jawa Timur dikirikan pemrintah pusat secara bertahap,[]
KameliaAnggrae4,,,54,21,43,2021-01-15 07:00:59,2021-02-14 23:20:45,0,Jumlah vaksin Covid - 19 Sinovac yg diterima Pemprov Jatim dikirikan pmrnth pusat secara bertahap,[]
rmd_nor,Bualan Pinokio,Surga Hoax,1132,483,16404,2011-03-19 06:07:51,2021-02-14 23:19:46,167,"Keterlibatan Keluarga MENTERI BUMN Erick Thohir Atas Bisnis Vaksin SINOVAC Dari RRC Rp. 2,6 Trilliun?
 Pernah Dengar Istilah CONFLICT OF INTEREST? Atau Pak Menteri Erick Thohir Tidak Peduli? Presiden Jokowi Tidak Peduli Atau Malah Merestui?

https://t.co/9oil8otYKU",[]
mangdiman07,"Jadikanlah sholat, sholawat dan shodaqoh sebagai penolongmu dr keterpurukanmu....",,3372,2917,11126,2015-06-10 15:23:24,2021-02-14 23:17:25,167,"Keterlibatan Keluarga MENTERI BUMN Erick Thohir Atas Bisnis Vaksin SINOVAC Dari RRC Rp. 2,6 Trilliun?
 Pernah Dengar Istilah CONFLICT OF INTEREST? Atau Pak Menteri Erick Thohir Tidak Peduli? Presiden Jokowi Tidak Peduli Atau Malah Merestui?

https://t.co/9oil8otYKU",[]
widy1892,â€¢ Die hard Liverpool FC â€¢ Ride Bike Addict â€¢ JFT96 â€¢ YNWA,Out of Jakarta - Indonesia,1019,998,26907,2011-12-16 16:43:32,2021-02-14 23:16:45,167,"Keterlibatan Keluarga MENTERI BUMN Erick Thohir Atas Bisnis Vaksin SINOVAC Dari RRC Rp. 2,6 Trilliun?
 Pernah Dengar Istilah CONFLICT OF INTEREST? Atau Pak Menteri Erick Thohir Tidak Peduli? Presiden Jokowi Tidak Peduli Atau Malah Merestui?

https://t.co/9oil8otYKU",[]
SChalid3,,"Pekan Baru, Riau",569,581,17539,2018-09-14 23:22:41,2021-02-14 23:16:25,167,"Keterlibatan Keluarga MENTERI BUMN Erick Thohir Atas Bisnis Vaksin SINOVAC Dari RRC Rp. 2,6 Trilliun?
 Pernah Dengar Istilah CONFLICT OF INTEREST? Atau Pak Menteri Erick Thohir Tidak Peduli? Presiden Jokowi Tidak Peduli Atau Malah Merestui?

https://t.co/9oil8otYKU",[]
SuroSuwung,"Anti PKI, itu pasti.
Takdir menuju sprt yg diramalkan. Melihat d merasakan kengerian.
*Ono gajah dingkluk ketiban watu.
*telat",,451,408,19221,2020-10-03 01:57:26,2021-02-14 23:10:13,167,"Keterlibatan Keluarga MENTERI BUMN Erick Thohir Atas Bisnis Vaksin SINOVAC Dari RRC Rp. 2,6 Trilliun?
 Pernah Dengar Istilah CONFLICT OF INTEREST? Atau Pak Menteri Erick Thohir Tidak Peduli? Presiden Jokowi Tidak Peduli Atau Malah Merestui?

https://t.co/9oil8otYKU",[]
tempodotco,"Official Twitter account of Tempo Media Group. Follow us for breaking news, current events, special reports, and something more from https://t.co/X6ONLydjhj",Indonesia,25,1728065,900740,2008-12-15 03:54:15,2021-02-14 23:05:32,0,Vaksin Covid-19 dari Sinovac Diyakini Aman bagi Lansia dengan Sejumlah Catatan https://t.co/LQLSE2zL7h #TempoVideo,"[{'text': 'TempoVideo', 'indices': [103, 114]}]"
ThariqA69714940,SI,,282,111,12731,2020-07-30 03:36:14,2021-02-14 23:05:28,167,"Keterlibatan Keluarga MENTERI BUMN Erick Thohir Atas Bisnis Vaksin SINOVAC Dari RRC Rp. 2,6 Trilliun?
 Pernah Dengar Istilah CONFLICT OF INTEREST? Atau Pak Menteri Erick Thohir Tidak Peduli? Presiden Jokowi Tidak Peduli Atau Malah Merestui?

https://t.co/9oil8otYKU",[]
Zhie_04_namaku,"*ğ•Œğ”¾ğ•„ ğ•”ğ•’ğ•“ğ•’ğ•Ÿğ•˜ ğ”¾â„ğ•†ğ•€ğ”¹


*ğ’„ğ’Šğ’ğ’•ğ’‚ğ’Š ğ’šğ’‚ğ’ğ’ˆ ğ’…ğ’Š ğ’ƒğ’–ğ’ğ’Š.ğ’ğ’‚ğ’Œğ’‚ ğ’šğ’‚ğ’ğ’ˆ ğ’…ğ’Š ğ’ğ’‚ğ’ğ’ˆğ’Šğ’• ğ’‚ğ’Œğ’‚ğ’ ğ’ğ’†ğ’ğ’„ğ’Šğ’ğ’•ğ’‚ğ’Šğ’ğ’–


*ğšğ¤ğ®ğ§ ğ¤ğ-4",,404,333,4896,2020-02-15 05:12:35,2021-02-14 23:01:39,167,"Keterlibatan Keluarga MENTERI BUMN Erick Thohir Atas Bisnis Vaksin SINOVAC Dari RRC Rp. 2,6 Trilliun?
 Pernah Dengar Istilah CONFLICT OF INTEREST? Atau Pak Menteri Erick Thohir Tidak Peduli? Presiden Jokowi Tidak Peduli Atau Malah Merestui?

https://t.co/9oil8otYKU",[]
UdinSam78807473,,,572,693,19931,2019-12-22 13:36:31,2021-02-14 22:59:15,167,"Keterlibatan Keluarga MENTERI BUMN Erick Thohir Atas Bisnis Vaksin SINOVAC Dari RRC Rp. 2,6 Trilliun?
 Pernah Dengar Istilah CONFLICT OF INTEREST? Atau Pak Menteri Erick Thohir Tidak Peduli? Presiden Jokowi Tidak Peduli Atau Malah Merestui?

https://t.co/9oil8otYKU",[]
PutraWadapi,DAMAILAH INDONESIAKU,PAPUA adalah INDONESIA,1893,28281,17696,2020-12-07 03:05:04,2021-02-14 22:59:04,167,"Keterlibatan Keluarga MENTERI BUMN Erick Thohir Atas Bisnis Vaksin SINOVAC Dari RRC Rp. 2,6 Trilliun?
 Pernah Dengar Istilah CONFLICT OF INTEREST? Atau Pak Menteri Erick Thohir Tidak Peduli? Presiden Jokowi Tidak Peduli Atau Malah Merestui?

https://t.co/9oil8otYKU",[]
da4d527247e9402,,"Jakarta Capital Region, Indone",721,342,7408,2015-06-29 11:24:08,2021-02-14 22:57:56,167,"Keterlibatan Keluarga MENTERI BUMN Erick Thohir Atas Bisnis Vaksin SINOVAC Dari RRC Rp. 2,6 Trilliun?
 Pernah Dengar Istilah CONFLICT OF INTEREST? Atau Pak Menteri Erick Thohir Tidak Peduli? Presiden Jokowi Tidak Peduli Atau Malah Merestui?

https://t.co/9oil8otYKU",[]
BoyJustice1,"âœŠ#MenujuManusiaMerdeka ğŸ’ª#RakyatOposisiâœŠMari Bersatu Berjuang Untuk ğŸ›#KepastianHukum, #Keadilan, #Kesejahteraan & #Kemakmuran Indonesia Raya.ğŸ‡®ğŸ‡©", Indonesia,1578,1053,12207,2020-02-23 15:44:44,2021-02-14 22:55:40,167,"Keterlibatan Keluarga MENTERI BUMN Erick Thohir Atas Bisnis Vaksin SINOVAC Dari RRC Rp. 2,6 Trilliun?
 Pernah Dengar Istilah CONFLICT OF INTEREST? Atau Pak Menteri Erick Thohir Tidak Peduli? Presiden Jokowi Tidak Peduli Atau Malah Merestui?

https://t.co/9oil8otYKU",[]
King08Salman,"Bangga menjadi oposisi, Anti PKI-Perjuangan, #TangkapMadam #YNWA","Jakarta Capital Region, Indone",1435,484,1482,2020-10-04 01:47:03,2021-02-14 22:50:17,167,"Keterlibatan Keluarga MENTERI BUMN Erick Thohir Atas Bisnis Vaksin SINOVAC Dari RRC Rp. 2,6 Trilliun?
 Pernah Dengar Istilah CONFLICT OF INTEREST? Atau Pak Menteri Erick Thohir Tidak Peduli? Presiden Jokowi Tidak Peduli Atau Malah Merestui?

https://t.co/9oil8otYKU",[]
JagadLintangGes,"|Bogor|Sing penting jd wong baik bae,aja kelalen bungkam PECUNDANG ! #Cingire  #HalaMadrid",Jakarta,1661,1169,66370,2011-01-20 11:00:22,2021-02-14 22:42:26,167,"Keterlibatan Keluarga MENTERI BUMN Erick Thohir Atas Bisnis Vaksin SINOVAC Dari RRC Rp. 2,6 Trilliun?
 Pernah Dengar Istilah CONFLICT OF INTEREST? Atau Pak Menteri Erick Thohir Tidak Peduli? Presiden Jokowi Tidak Peduli Atau Malah Merestui?

https://t.co/9oil8otYKU",[]
nana040461,Male..Orang nya kalem.. nggak grasa grusu..One heart for One heart..â¤ğŸ’“," Tasikmalaya, Jawa Barat",2304,2475,157809,2016-09-09 14:07:14,2021-02-14 22:39:30,167,"Keterlibatan Keluarga MENTERI BUMN Erick Thohir Atas Bisnis Vaksin SINOVAC Dari RRC Rp. 2,6 Trilliun?
 Pernah Dengar Istilah CONFLICT OF INTEREST? Atau Pak Menteri Erick Thohir Tidak Peduli? Presiden Jokowi Tidak Peduli Atau Malah Merestui?

https://t.co/9oil8otYKU",[]
ratu12noer,Hidup atas izinNya. Tumbuh atas kasih keluarga...,,491,504,25716,2020-05-26 00:48:23,2021-02-14 22:36:56,167,"Keterlibatan Keluarga MENTERI BUMN Erick Thohir Atas Bisnis Vaksin SINOVAC Dari RRC Rp. 2,6 Trilliun?
 Pernah Dengar Istilah CONFLICT OF INTEREST? Atau Pak Menteri Erick Thohir Tidak Peduli? Presiden Jokowi Tidak Peduli Atau Malah Merestui?

https://t.co/9oil8otYKU",[]
imutimutmu,pencinta sastra dan bitcoin,"DKI Jakarta, Indonesia",482,271,16484,2017-01-19 01:48:12,2021-02-14 22:35:25,167,"Keterlibatan Keluarga MENTERI BUMN Erick Thohir Atas Bisnis Vaksin SINOVAC Dari RRC Rp. 2,6 Trilliun?
 Pernah Dengar Istilah CONFLICT OF INTEREST? Atau Pak Menteri Erick Thohir Tidak Peduli? Presiden Jokowi Tidak Peduli Atau Malah Merestui?

https://t.co/9oil8otYKU",[]
Wedhus999,"JaSun (Jawa Sunda) 

Dewan Revolusi Nasional

https://t.co/rIJgru3T5n",Semarang Tembayat,5114,4671,11156,2020-05-27 03:39:38,2021-02-14 22:33:02,167,"Keterlibatan Keluarga MENTERI BUMN Erick Thohir Atas Bisnis Vaksin SINOVAC Dari RRC Rp. 2,6 Trilliun?
 Pernah Dengar Istilah CONFLICT OF INTEREST? Atau Pak Menteri Erick Thohir Tidak Peduli? Presiden Jokowi Tidak Peduli Atau Malah Merestui?

https://t.co/9oil8otYKU",[]
The_Warman,-,,4400,1479,99574,2018-05-18 03:48:08,2021-02-14 21:28:01,13,"Dibantah dgn konyol [Universitas mencabut pernyataannya] dikatakan bahwa relawan menerima plasebo-ng bukan vaksin! | satu2nya insiden dead Sinopharm d luar negri yg termonitor
https://t.co/O6GvpRBQ0e https://t.co/iZcjnbqhiX",[]
intelkamressula,"Satya Haprabu

Melindungi, Mengayomi dan Melayani masyarakat

IG : yanlikintelkamsula
FB : yanlikintelkamsula","Maluku Utara, Indonesia",263,57,253,2018-02-10 14:07:36,2021-02-14 21:13:49,0,"Tanya ; Apakah ada efek samping dari Vaksinasi ?

Jawab ; Dari hasil penelitian, vaksin Sinovac memperlihatkan bahwa KIPI yang terjadi sebagian besar ringan dan singkat, jarang bersifat serius.

Prof. DR. Dr. Hindra Irawan Satari, Sp. A(K), M. TropPaed https://t.co/WvwCY2w2WB",[]
Meriah_Polsek,"ğŸ‡®ğŸ‡© Akun Resmi Polsek Gunung Meriah Polresta Deli Serdang.
#Email : polsekgmds@gmail.com","Lubuk Pakam, Indonesia",118,6,125,2021-02-06 10:39:46,2021-02-14 20:56:04,0,Personel Polsek Gunung Meriah dalam rangka pengamanan paket vaksin sinovac diÂ Puskesmas Gunung Meriah wilkum Polsek Gunung Meriah. Minggu tgl 14 Peb 2021 pukul. 15.00 wib. https://t.co/aAGGIjpY6F,[]
FirgaMahesa,"Be yourself, because an original is worth more than a copy",,71,39,60,2021-01-05 02:38:08,2021-02-14 20:40:53,0,"Total ada 230.293 orang tenaga kesehatan, yang seharusnya menerima vaksin Covid-19 Sinovac, berdasarkan data yang dihimpun Dinkes Jatim",[]
PancaPutra01,"Gak perlu ngerasa spesial. Kamu manusia, bukan nasi goreng!",,58,33,54,2021-01-04 09:12:35,2021-02-14 20:37:40,0,"Berdasar data yang dihimpun Dinkes Jatim, total ada 230.293 orang tenaga kesehatan, yang seharusnya menerima vaksin Covid-19 Sinovac",[]
SamsulHardians1,Kurang kurangin nilai orang dari storynya,,65,37,54,2021-01-04 08:36:16,2021-02-14 20:35:47,0,Pembagian kelompok tersebut didasarkan pada tingkatan risiko tertularnya Covid-19. Sebab jumlah vaksin Covid-19 Sinovac yang diterima Pemprov Jatim dikirikan pemerintah pusat secara bertahap,[]
DarmanaPratama,~Bodoh itu ada batasnya~,,73,40,79,2021-01-04 07:35:48,2021-02-14 20:33:42,0,Jumlah vaksin Covid-19 Sinovac yang diterima Pemprov Jatim dikirikan pemerintah pusat secara bertahap,[]
CocolSambel1,nothing,,193,92,1842,2019-11-05 02:05:11,2021-02-14 20:31:06,13,"Dibantah dgn konyol [Universitas mencabut pernyataannya] dikatakan bahwa relawan menerima plasebo-ng bukan vaksin! | satu2nya insiden dead Sinopharm d luar negri yg termonitor
https://t.co/O6GvpRBQ0e https://t.co/iZcjnbqhiX",[]
AmirHasanR1,"Hanya insan biasa
Biarlah aku mengenal tanpa harus dikenal.
#akun_pribadi","Medan Tembung, Indonesia",2650,2413,4118,2019-05-18 19:55:44,2021-02-14 17:54:09,53,"Santun pagi sahabat semuanya,slm sht penuh semangat,,, buat yg kmrin sempat tanya,,, tentang vaksin sinovac,katanya udh di vaksin bisa terpapar covid19, ini kimmi bantu menjelaskan,dan semoga bermanfaat buat semuanya salam #SehatIndonesiaku https://t.co/lyLS3NkRks",[]
politikana,Politikana is Indonesian Political 2.0 for Indonesian online generation.,,1771,18136,5460,2009-01-06 03:44:02,2021-02-14 16:29:36,0,"Program vaksinasi yang menargetkan pekerja swasta itu bisa dimulai setidaknya pada Maret 2021 menggunakan vaksin Sinovac yang didatangkan oleh BUMN farmasi PT Bio Farma (Persero).
https://t.co/ORpsQhhEEg",[]
Frchiarra,Baby elephant // a little dreamer who is always cheerful and talkative,INDONESIA,86,145,3689,2012-09-19 07:38:22,2021-02-14 16:22:33,0,"@AREAJULID Gausah takut, abang gua nakes udh di vaksin sinovac 3 kali dan gada efek samping apapun. Dia msh sehat sampe sekarang. Kalo cuma demam itu biasa, anak bayi abis vaksin jg demam",[]
MerfanSanusi1,"ber usaha hari ini lebih baik dari kemarin
#jalin persatuan.",,1632,883,1898,2020-02-26 17:09:07,2021-02-14 16:19:17,53,"Santun pagi sahabat semuanya,slm sht penuh semangat,,, buat yg kmrin sempat tanya,,, tentang vaksin sinovac,katanya udh di vaksin bisa terpapar covid19, ini kimmi bantu menjelaskan,dan semoga bermanfaat buat semuanya salam #SehatIndonesiaku https://t.co/lyLS3NkRks",[]
HellRevenger,"Do your best, and God will do the rest",,104,9,344,2014-03-03 15:15:02,2021-02-14 15:40:36,1,"Hei Sobat Mindo, tau gak kamu kalau hari ini Presiden Jokowi kembali disuntik vaksin setelah 14 hari yang lalu menerima suntikan vaksin pertama.Vaksin kedua ini tetap menggunakan vaksin CoronaVac yang diproduksi oleh Sinovac.

#AsuransiJasindo
#MelengkapiHidupmu
#JokowiVaksinKe2 https://t.co/JO8K6UCy9C",[]
PTekung,Semangat Terus Pantang MundurğŸ’ªğŸ’ª,"Jawa Timur, Indonesia",70,330,10133,2018-11-15 04:00:35,2021-02-14 15:24:18,0,PENGAMANAN VAKSIN SINOVAC DI PUSKESMAS Tekung @ Polsek Tekung https://t.co/EJ4EKoBBjY,[]
bang_djingan,"urip kok abot temen Gusti,
ngeluh bukan masalah, penting tidak menyerah
https://t.co/I0O6vzYxFc

yang mau mutualan, follow aja pasti ntar aku follback","Kebumen, Indonesia",406,275,1895,2020-03-16 08:10:10,2021-02-14 15:19:09,1,"@adevelina @AREAJULID Padahl sblumnya aku seneng banget udh ada vaksin dan pengen cepet cepet dapat giliran vaksin, mecoba menyampingkan bebrapa isu yang kmrin melintas tentang vaksin sinovac, eh kok ada statement gini, mana dijadikan perpres lagi. Duh jd serem, tp masak iya negara tega sama rakyatnya",[]
FansRossoneri,Milanisti | Brajamusti | Rockets,"Serpong, Indonesia",3498,979,44971,2011-05-15 20:48:22,2021-02-14 15:14:31,0,"@uknee11 Katanya vaksin tahap 1 dan 2 ga boleh beda merk nya. Gw jg bingung, padahal kan isinya sama. Harusnya sisa sinovac ya pake aja kan buat peserta baru. Cuma katanya ga berani beda merk vaksin tahap 1 dan 2 nya",[]
fkusnadi25,,,1579,274,15529,2010-12-10 03:06:56,2021-02-14 14:57:29,13,"Dibantah dgn konyol [Universitas mencabut pernyataannya] dikatakan bahwa relawan menerima plasebo-ng bukan vaksin! | satu2nya insiden dead Sinopharm d luar negri yg termonitor
https://t.co/O6GvpRBQ0e https://t.co/iZcjnbqhiX",[]
kumparan,,,2,658123,562473,2016-07-31 10:10:42,2021-02-14 14:45:32,0,"""Saat ini jumlah tenaga kesehatan yang sudah menerima vaksin corona tahap pertama sudah mencapai 15.215 orang dari target 19.927 orang,"" ujar Ketua Satgas COVID-19 Kalteng. #publisherstory https://t.co/DbKjJBoLUw","[{'text': 'publisherstory', 'indices': [173, 188]}]"
dhipheee,be my self,Indonesia,1621,1447,949,2014-08-05 22:40:50,2021-02-14 14:33:27,53,"Santun pagi sahabat semuanya,slm sht penuh semangat,,, buat yg kmrin sempat tanya,,, tentang vaksin sinovac,katanya udh di vaksin bisa terpapar covid19, ini kimmi bantu menjelaskan,dan semoga bermanfaat buat semuanya salam #SehatIndonesiaku https://t.co/lyLS3NkRks",[]
dinodachi03,,,1032,1091,62423,2019-06-15 03:24:38,2021-02-14 14:21:27,6,Dirinya mulai mengalami gejala demam usai disuntik vaksin Sinovac minggu lalu pada Sabtu (06/02). #publisherstory https://t.co/wz52sDlpk0,"[{'text': 'publisherstory', 'indices': [112, 127]}]"
Revan33432575,Hidup Bahagia,"Karawang, Jawa Barat",2634,1758,3129,2020-03-15 10:31:33,2021-02-14 14:20:25,0,"MUI menyatakan Vaksin Sinovac aman dan halal untuk digunakan masyarakat Indonesia

#1JutaVaksinasiAman https://t.co/wXp7QBw8Wn","[{'text': '1JutaVaksinasiAman', 'indices': [83, 102]}]"
spakenata,Way Gawoh,"Tanjung Karang Timur, Indonesi",2664,1527,2470,2014-06-12 12:00:35,2021-02-14 14:05:17,0,"Vaksin Sinovac sudah teruji keamanan dan kehalalannya untuk digunakan masyarakat Indonesia

#1JutaVaksinasiAman https://t.co/q18J5GaUCy","[{'text': '1JutaVaksinasiAman', 'indices': [92, 111]}]"
Revan33432575,Hidup Bahagia,"Karawang, Jawa Barat",2634,1758,3129,2020-03-15 10:31:33,2021-02-14 14:02:55,0,"Semua lembaga yang berkaitan dengan vaksin di Indonesia sudah menyatakan Vaksin Sinovac Aman &amp; Halal

#1JutaVaksinasiAman https://t.co/E420ge7HmH","[{'text': '1JutaVaksinasiAman', 'indices': [106, 125]}]"
Pipelpawer165,a finding truth,Wakanda,1861,959,80553,2009-10-15 19:22:42,2021-02-14 14:00:39,13,"Dibantah dgn konyol [Universitas mencabut pernyataannya] dikatakan bahwa relawan menerima plasebo-ng bukan vaksin! | satu2nya insiden dead Sinopharm d luar negri yg termonitor
https://t.co/O6GvpRBQ0e https://t.co/iZcjnbqhiX",[]
spakenata,Way Gawoh,"Tanjung Karang Timur, Indonesi",2664,1527,2470,2014-06-12 12:00:35,2021-02-14 13:57:21,0,"Jangan takut divaksin! 

BPOM dan MUI sebagai lembaga yang berkompeten sudah memastikan keamanan dan kehalalan Vaksin Sinovac 

#1JutaVaksinasiAman https://t.co/JwZlV6lVJW","[{'text': '1JutaVaksinasiAman', 'indices': [128, 147]}]"
spakenata,Way Gawoh,"Tanjung Karang Timur, Indonesi",2664,1527,2470,2014-06-12 12:00:35,2021-02-14 13:54:20,0,"Dukung Vaksinasi Nasional! 

Presiden Jokowi sebagai bukti bahwa vaksin Sinovac aman untuk digunakan

#1JutaVaksinasiAman https://t.co/86445utQMT","[{'text': '1JutaVaksinasiAman', 'indices': [102, 121]}]"
Revan33432575,Hidup Bahagia,"Karawang, Jawa Barat",2634,1758,3129,2020-03-15 10:31:33,2021-02-14 13:51:39,0,"Ayo mau divaksin! 
Presiden kita sudah membuktikan penggunaan Vaksin Sinovac 

#1JutaVaksinasiAman https://t.co/Xx5duMk5AP","[{'text': '1JutaVaksinasiAman', 'indices': [79, 98]}]"
Revan33432575,Hidup Bahagia,"Karawang, Jawa Barat",2634,1758,3129,2020-03-15 10:31:33,2021-02-14 13:49:37,0,"Sah! Vaksin Sinovac Aman dan Halal digunakan

#1JutaVaksinasiAman https://t.co/Axs8CnNeUF","[{'text': '1JutaVaksinasiAman', 'indices': [46, 65]}]"
spakenata,Way Gawoh,"Tanjung Karang Timur, Indonesi",2664,1527,2470,2014-06-12 12:00:35,2021-02-14 13:47:27,0,"Komisi Fatwa MUI sudah menyepakati bahwa Vaksin Sinovac memenuhi kriteria kehalalan

#1JutaVaksinasiAman https://t.co/qGPgQoFzAk","[{'text': '1JutaVaksinasiAman', 'indices': [85, 104]}]"
bebasbaru,"Tabloid BeBASbaru terbit sejak 1 Desember 2006, kini selain tetap terbit secara cetak, sejak 29 September 2017 juga sudah terbit secara online","Tabalong, Kalimantan Selatan",724,161,2936,2020-05-31 14:56:06,2021-02-14 13:34:05,0,"Masih di tunggu efek dan manfaatnya!

Horor Korona di Tabalong: Vaksin Sinovac Dosis Kedua Telah Didistribusikan https://t.co/yLuCarjY0F via @bebasbaru",[]
JhonSih45565024,360 boy,,0,0,134,2021-01-01 15:00:01,2021-02-14 13:33:57,0,"Masyarakat tak perlu mengkhawatirkan vaksin Sinovac, berdasarkan studi WHO, syarat efikasi vaksin untuk bisa digunakan di atas 50 persen dan Sinovac telah mencapai 65 persen #BahasaCintaDisney #StrategiPemulihanBangsa https://t.co/xzRZsXZxyf","[{'text': 'BahasaCintaDisney', 'indices': [174, 192]}, {'text': 'StrategiPemulihanBangsa', 'indices': [193, 217]}]"
idntimes,"Official Account IDN Times | a multi-platform news and entertainment | Email: redaksi@idntimes.com | Baca Berita Tanpa Gangguan Iklan, download IDN App sekarang",,286,407585,375501,2011-10-10 10:25:12,2021-02-14 13:22:25,0,Benarkah ustaz Maaher meninggal akibat vaksin Sinovac? https://t.co/wdkSR4162r,[]
NaomiImam,,,0,1,129,2021-01-03 21:16:02,2021-02-14 12:59:14,0,"5.000 vaksin untuk awak media diambil dari 12 juta vaksin Sinovac yang didatangkan dari China pada Desember 2020. Saat ini, vaksin tersebut tengah diproses oleh PT Bio Farma. #BahasaCintaDisney #LangkahPulihkanNegeri https://t.co/Zs3UgPFx46","[{'text': 'BahasaCintaDisney', 'indices': [175, 193]}, {'text': 'LangkahPulihkanNegeri', 'indices': [194, 216]}]"
RoyIslam6,,,0,1,130,2021-01-03 21:21:25,2021-02-14 12:51:58,0,"Jubir Vaksinasi Covid-19 Kemenkes, Siti Nadia Tarmizi mengatakan, Indonesia akan kedatangan dua vaksin dari Sinovac (Tiongkok) dan AstraZeneca (Inggris). Jumlahnya mencapai 120 juta dosis vaksin covid-19. #BahasaCintaDisney #LangkahPulihkanNegeri https://t.co/yY2Rh15zBy","[{'text': 'BahasaCintaDisney', 'indices': [205, 223]}, {'text': 'LangkahPulihkanNegeri', 'indices': [224, 246]}]"
FahmiYunika,,,0,0,129,2021-01-03 21:09:23,2021-02-14 12:50:46,0,"5.000 vaksin untuk awak media diambil dari 12 juta vaksin Sinovac yang didatangkan dari China pada Desember 2020. Saat ini, vaksin tersebut tengah diproses oleh PT Bio Farma. #BahasaCintaDisney #LangkahPulihkanNegeri https://t.co/MDxi4r3zmK","[{'text': 'BahasaCintaDisney', 'indices': [175, 193]}, {'text': 'LangkahPulihkanNegeri', 'indices': [194, 216]}]"
FauzanFhadriani,,,0,1,130,2021-01-03 21:18:04,2021-02-14 12:47:27,0,"Jubir Vaksinasi Covid-19 Kemenkes, Siti Nadia Tarmizi mengatakan, Indonesia akan kedatangan dua vaksin dari Sinovac (Tiongkok) dan AstraZeneca (Inggris). Jumlahnya mencapai 120 juta dosis vaksin covid-19. #BahasaCintaDisney #LangkahPulihkanNegeri https://t.co/VwtonR1B1a","[{'text': 'BahasaCintaDisney', 'indices': [205, 223]}, {'text': 'LangkahPulihkanNegeri', 'indices': [224, 246]}]"
AdhimIdayu,,,0,0,131,2021-01-03 20:51:30,2021-02-14 12:46:19,0,"5.000 vaksin untuk awak media diambil dari 12 juta vaksin Sinovac yang didatangkan dari China pada Desember 2020. Saat ini, vaksin tersebut tengah diproses oleh PT Bio Farma. #BahasaCintaDisney #LangkahPulihkanNegeri https://t.co/ExADaEjTQi","[{'text': 'BahasaCintaDisney', 'indices': [175, 193]}, {'text': 'LangkahPulihkanNegeri', 'indices': [194, 216]}]"
ArfanMitsuko,,,8,0,130,2021-01-03 21:12:46,2021-02-14 12:36:13,0,"Jubir Vaksinasi Covid-19 Kemenkes, Siti Nadia Tarmizi mengatakan, Indonesia akan kedatangan dua vaksin dari Sinovac (Tiongkok) dan AstraZeneca (Inggris). Jumlahnya mencapai 120 juta dosis vaksin covid-19. #BahasaCintaDisney #LangkahPulihkanNegeri https://t.co/T1UjoQcDuh","[{'text': 'BahasaCintaDisney', 'indices': [205, 223]}, {'text': 'LangkahPulihkanNegeri', 'indices': [224, 246]}]"
FauziVernanda,,,0,1,129,2021-01-03 21:26:22,2021-02-14 12:29:48,0,"5.000 vaksin untuk awak media diambil dari 12 juta vaksin Sinovac yang didatangkan dari China pada Desember 2020. Saat ini, vaksin tersebut tengah diproses oleh PT Bio Farma. #BahasaCintaDisney #LangkahPulihkanNegeri https://t.co/diOSr16fE4","[{'text': 'BahasaCintaDisney', 'indices': [175, 193]}, {'text': 'LangkahPulihkanNegeri', 'indices': [194, 216]}]"
zein_sembang,malang melintang,Sumbawa - NTB,361,43,2552,2017-11-24 14:39:03,2021-02-14 12:25:50,53,"Santun pagi sahabat semuanya,slm sht penuh semangat,,, buat yg kmrin sempat tanya,,, tentang vaksin sinovac,katanya udh di vaksin bisa terpapar covid19, ini kimmi bantu menjelaskan,dan semoga bermanfaat buat semuanya salam #SehatIndonesiaku https://t.co/lyLS3NkRks",[]
arie_hamdi,,,0,0,129,2021-01-03 21:02:22,2021-02-14 12:24:17,0,"5.000 vaksin untuk awak media diambil dari 12 juta vaksin Sinovac yang didatangkan dari China pada Desember 2020. Saat ini, vaksin tersebut tengah diproses oleh PT Bio Farma. #BahasaCintaDisney #LangkahPulihkanNegeri https://t.co/a4Xq02LO1d","[{'text': 'BahasaCintaDisney', 'indices': [175, 193]}, {'text': 'LangkahPulihkanNegeri', 'indices': [194, 216]}]"
IsmailYuliyanti,,,0,1,129,2021-01-03 21:27:46,2021-02-14 12:17:43,0,"5.000 vaksin untuk awak media diambil dari 12 juta vaksin Sinovac yang didatangkan dari China pada Desember 2020. Saat ini, vaksin tersebut tengah diproses oleh PT Bio Farma. #BahasaCintaDisney #LangkahPulihkanNegeri https://t.co/eUn11vMRz4","[{'text': 'BahasaCintaDisney', 'indices': [175, 193]}, {'text': 'LangkahPulihkanNegeri', 'indices': [194, 216]}]"
BimoEdy,,,0,0,129,2021-01-03 21:08:01,2021-02-14 12:10:30,0,"5.000 vaksin untuk awak media diambil dari 12 juta vaksin Sinovac yang didatangkan dari China pada Desember 2020. Saat ini, vaksin tersebut tengah diproses oleh PT Bio Farma. #BahasaCintaDisney #LangkahPulihkanNegeri https://t.co/exKqng1JSh","[{'text': 'BahasaCintaDisney', 'indices': [175, 193]}, {'text': 'LangkahPulihkanNegeri', 'indices': [194, 216]}]"
FahmiYunika,,,0,0,129,2021-01-03 21:09:23,2021-02-14 12:07:24,0,"Jubir Vaksinasi Covid-19 Kemenkes, Siti Nadia Tarmizi mengatakan, Indonesia akan kedatangan dua vaksin dari Sinovac (Tiongkok) dan AstraZeneca (Inggris). Jumlahnya mencapai 120 juta dosis vaksin covid-19. #BahasaCintaDisney #LangkahPulihkanNegeri https://t.co/3eeH5CScLz","[{'text': 'BahasaCintaDisney', 'indices': [205, 223]}, {'text': 'LangkahPulihkanNegeri', 'indices': [224, 246]}]"
FadhlirE,,,0,1,130,2021-01-03 21:23:05,2021-02-14 12:07:10,0,"Jubir Vaksinasi Covid-19 Kemenkes, Siti Nadia Tarmizi mengatakan, Indonesia akan kedatangan dua vaksin dari Sinovac (Tiongkok) dan AstraZeneca (Inggris). Jumlahnya mencapai 120 juta dosis vaksin covid-19. #BahasaCintaDisney #LangkahPulihkanNegeri https://t.co/qE35i6di6i","[{'text': 'BahasaCintaDisney', 'indices': [205, 223]}, {'text': 'LangkahPulihkanNegeri', 'indices': [224, 246]}]"
AdeIndonesia,"Buruh Milenial/
DPD Konfederasi Serikat Pekerja Seluruh Indonesia (KSPSI) DIY @kspsidiy_atuc/
Majelis Pekerja Buruh Indonesia (MPBI) DIY/Sukarnoista",Yogyakarta,242,894,4186,2011-02-12 06:09:30,2021-02-14 11:58:02,2,"Sebuah video sempat beredar di Facebook, menunjukkan kekacauan yang diklaim dampak vaksin Sinovac. Bagaimana faktanya? #PeriksaFakta

https://t.co/TuTqJXOmTm",[]
IdamanCapres,"Anti Hoax, Anti Kadrun, Anti SJW

Since. 2020",,74,86,533,2020-10-30 12:22:17,2021-02-14 11:47:29,0,"Nggak masalah, toh kita sudah ada Vaksin Sinovac yang sudah mulai didistribusikan dan akan diberikan kepada rakyat sesuai janji pak @jokowi https://t.co/eOGBeZUa9S",[]
FansRossoneri,Milanisti | Brajamusti | Rockets,"Serpong, Indonesia",3498,979,44971,2011-05-15 20:48:22,2021-02-14 11:33:08,0,"Denger dari istri, vaksinasi ini bakal lambat sampe produk biofarma keluar. Sekarang cuma ngabisin produk sinovac buat tahap kedua vaksinasi. Bakal ngebut lagi kalo vaksin produk biofarma udah mulai keluar hasil produksinya. https://t.co/Hb8TfikVL7",[]
becak125cc,"ğŸ‡®ğŸ‡©ğŸ‡®ğŸ‡©
#staysafe
#stayhealthy
#stayhome
#lifeismatter",,1343,1397,189221,2019-05-14 20:01:19,2021-02-14 11:09:28,53,"Santun pagi sahabat semuanya,slm sht penuh semangat,,, buat yg kmrin sempat tanya,,, tentang vaksin sinovac,katanya udh di vaksin bisa terpapar covid19, ini kimmi bantu menjelaskan,dan semoga bermanfaat buat semuanya salam #SehatIndonesiaku https://t.co/lyLS3NkRks",[]
AriestyaPratama,Wonderland believer,,408,882,37182,2010-03-18 14:43:57,2021-02-14 11:07:27,0,"dia bilang Brazil pake vaksin yg sama dengan Indonesia (sinovac) vaksin yg dateng dr China, kata dia lucu ya.. virusnya dateng dr china begitupula vaksinnya, dia gamau divaksin krna gatau isi vaksinnya itu apa, dan dia udh punya vaksim sendiri buat badannya (Tequila dan Beer).",[]
Slash074,,,216,147,60557,2018-11-24 05:44:41,2021-02-14 10:36:50,13,"Dibantah dgn konyol [Universitas mencabut pernyataannya] dikatakan bahwa relawan menerima plasebo-ng bukan vaksin! | satu2nya insiden dead Sinopharm d luar negri yg termonitor
https://t.co/O6GvpRBQ0e https://t.co/iZcjnbqhiX",[]
HenyMurty,Thanks GOD,Solo,316,92,670,2019-12-29 03:12:06,2021-02-14 10:15:35,53,"Santun pagi sahabat semuanya,slm sht penuh semangat,,, buat yg kmrin sempat tanya,,, tentang vaksin sinovac,katanya udh di vaksin bisa terpapar covid19, ini kimmi bantu menjelaskan,dan semoga bermanfaat buat semuanya salam #SehatIndonesiaku https://t.co/lyLS3NkRks",[]
SmartMom_1,"ğŸ‡®ğŸ‡©
#IndonesiaMaju ğŸ‡®ğŸ‡© 
Tentang Kehamilan, Janin & Solusinya buat Bunda ğŸ¤—ğŸ’ @SmileMom_ ğŸŒ¹ğŸ’
#programfolback #milenialku #KulinerNusantara",Indonesia ğŸ‡®ğŸ‡©,11278,11190,16167,2020-09-04 12:21:17,2021-02-14 10:05:20,53,"Santun pagi sahabat semuanya,slm sht penuh semangat,,, buat yg kmrin sempat tanya,,, tentang vaksin sinovac,katanya udh di vaksin bisa terpapar covid19, ini kimmi bantu menjelaskan,dan semoga bermanfaat buat semuanya salam #SehatIndonesiaku https://t.co/lyLS3NkRks",[]
raka4,watashi wa hansamu hito de,osaka,1731,464,60208,2011-11-04 07:21:41,2021-02-14 10:02:03,13,"Dibantah dgn konyol [Universitas mencabut pernyataannya] dikatakan bahwa relawan menerima plasebo-ng bukan vaksin! | satu2nya insiden dead Sinopharm d luar negri yg termonitor
https://t.co/O6GvpRBQ0e https://t.co/iZcjnbqhiX",[]
fd_SatuLagi,PERSATUAN INDONESIAâ˜†PANCASILA,ğŸŸ¥â¬›ğŸŸ©â¬œ ğŸ‡µğŸ‡¸,1632,1075,65427,2017-09-01 17:26:55,2021-02-14 10:01:53,13,"Dibantah dgn konyol [Universitas mencabut pernyataannya] dikatakan bahwa relawan menerima plasebo-ng bukan vaksin! | satu2nya insiden dead Sinopharm d luar negri yg termonitor
https://t.co/O6GvpRBQ0e https://t.co/iZcjnbqhiX",[]
wargata_com,info berada disekitar warga,Indonesia ,11,18,1666,2017-02-19 17:42:43,2021-02-14 09:56:06,0,"Pimpin Patroli, Kapolsek Curio Cek Keamanan Penyimpanan Vaksin Sinovac https://t.co/2MzCnjhPIv https://t.co/KU6M7DhSez",[]
Rock79147528,"Indonesia negaraku ğŸ‡®ğŸ‡©
Jokowi
Indonesia Maju
NKRI HARGA MATI",,119,71,1878,2020-10-27 11:29:13,2021-02-14 09:54:28,0,#OptimisPemulihanNegeri indonesia akan kedatangan sejumlah dosis vaksin dari sinovac dan astrazeneca https://t.co/5HhpsbKGoo,"[{'text': 'OptimisPemulihanNegeri', 'indices': [0, 23]}]"
IOytes,"CO_munism VI_ctory D_rill 19 = 1
#Iqra Wa Rabbuka al Akram #guerillalegion #Warga NUSANTARA",1.2.3.4.5 Truth rd.,1213,777,11617,2018-10-25 17:48:18,2021-02-14 09:50:20,13,"Dibantah dgn konyol [Universitas mencabut pernyataannya] dikatakan bahwa relawan menerima plasebo-ng bukan vaksin! | satu2nya insiden dead Sinopharm d luar negri yg termonitor
https://t.co/O6GvpRBQ0e https://t.co/iZcjnbqhiX",[]
militanvespa,"lawan! Novus Ordo Seclorum.
muslim,vespaan.
save Indonesia!","Bekasi, Jawa Barat",204,546,92127,2015-05-02 02:12:05,2021-02-14 09:23:32,13,"Dibantah dgn konyol [Universitas mencabut pernyataannya] dikatakan bahwa relawan menerima plasebo-ng bukan vaksin! | satu2nya insiden dead Sinopharm d luar negri yg termonitor
https://t.co/O6GvpRBQ0e https://t.co/iZcjnbqhiX",[]
warriorReborn1,âš”ï¸ 1776 - The_Great_Reset VS the GREAT Awakening (Patriot) - plot strategy - Davos distopia - BioTotaliter - Certificate of Vaccination ID 19(AI) a=1 i=9,,31,1043,568,2021-01-15 10:00:54,2021-02-14 09:22:38,13,"Dibantah dgn konyol [Universitas mencabut pernyataannya] dikatakan bahwa relawan menerima plasebo-ng bukan vaksin! | satu2nya insiden dead Sinopharm d luar negri yg termonitor
https://t.co/O6GvpRBQ0e https://t.co/iZcjnbqhiX",[]
Rock79147528,"Indonesia negaraku ğŸ‡®ğŸ‡©
Jokowi
Indonesia Maju
NKRI HARGA MATI",,119,71,1878,2020-10-27 11:29:13,2021-02-14 09:20:20,0,"13 juta dosis vaksin covid-19 itu harus mengantongi izin edar dari BPOM meski bahan baku vaksin tsb berasal dari sinovac yg telah mengantongi EUA.
#OptimisPemulihanNegeri https://t.co/cpRqV0ESUE","[{'text': 'OptimisPemulihanNegeri', 'indices': [147, 170]}]"
FilaFiloy,lillahita'ala ..,,1029,185,6721,2011-10-22 08:25:47,2021-02-14 08:32:24,3,BPOM RI tengah menyetujui penggunaan vaksin COVID-19 Sinovac untuk lansia. Sejumlah dokter senior sudah mendapatkan suntikan dan menceritakan bagaimana rasanya. https://t.co/sSpYtPEaTw,[]
pikiran_rakyat,"Lebih Tahu Jawa Barat
Kirimkan Foto/Video anda ke :
WA/Telegram : 08112355650
(Pikiran Rakyat)","Bandung, Jawa Barat",22,430325,333118,2009-07-21 18:48:20,2021-02-14 08:30:37,0,"Peneliti Israel Kembangkan Obat Eksperimen Covid-19, Hasilnya Pasien Kritis Pulih dalam 2 Jam

https://t.co/qaToRtScj3 

#covid19 #obat #israel #peneliti #eksperimen #pasien #kritis #pulih #relawan #vaksin #sinovac #allocetra #prmn #pikiranrakyat","[{'text': 'covid19', 'indices': [121, 129]}, {'text': 'obat', 'indices': [130, 135]}, {'text': 'israel', 'indices': [136, 143]}, {'text': 'peneliti', 'indices': [144, 153]}, {'text': 'eksperimen', 'indices': [154, 165]}, {'text': 'pasien', 'indices': [166, 173]}, {'text': 'kritis', 'indices': [174, 181]}, {'text': 'pulih', 'indices': [182, 188]}, {'text': 'relawan', 'indices': [189, 197]}, {'text': 'vaksin', 'indices': [198, 205]}, {'text': 'sinovac', 'indices': [206, 214]}, {'text': 'allocetra', 'indices': [215, 225]}, {'text': 'prmn', 'indices': [226, 231]}, {'text': 'pikiranrakyat', 'indices': [232, 246]}]"
corrections71,"Sungguh, jika ada (sesuatu perbuatan) seberat biji sawi, dan berada dalam batu atau di langit atau di bumi, niscaya Allah akan memberinya (balasan). QS; 31:16",,1257,520,13282,2010-07-14 07:12:16,2021-02-14 08:20:30,53,"Santun pagi sahabat semuanya,slm sht penuh semangat,,, buat yg kmrin sempat tanya,,, tentang vaksin sinovac,katanya udh di vaksin bisa terpapar covid19, ini kimmi bantu menjelaskan,dan semoga bermanfaat buat semuanya salam #SehatIndonesiaku https://t.co/lyLS3NkRks",[]
diskominfojabar,Akun Resmi Dinas Komunikasi dan Informatika Provinsi Jawa Barat | Email: diskominfo@jabarprov.go.id | Instagram: diskominfojabar,Jalan Tamansari No. 55 Bandung,204,12467,3341,2010-09-07 01:17:12,2021-02-14 08:14:26,3,"Sobat, yuk simak perjalanan Vaksin Sinovac dalam infografis berikut ini sobat ğŸ˜‰
.
#diskominfojabar #JabarJuaraLahirBatin #jawabarat #infojawabarat #JabarSiapVaksinasi #VaksinasiCovid19 #COVID19 https://t.co/KkoyVKQSZ9","[{'text': 'diskominfojabar', 'indices': [82, 98]}, {'text': 'JabarJuaraLahirBatin', 'indices': [99, 120]}, {'text': 'jawabarat', 'indices': [121, 131]}, {'text': 'infojawabarat', 'indices': [132, 146]}, {'text': 'JabarSiapVaksinasi', 'indices': [147, 166]}, {'text': 'VaksinasiCovid19', 'indices': [167, 184]}, {'text': 'COVID19', 'indices': [185, 193]}]"
polsekbiru,Kantor Polisi,,17,38,1999,2019-12-08 14:54:05,2021-02-14 08:01:12,0,"PELAKSANAAN PAM  VAKSINASI DI KECAMATAN BIRU-BIRU POLSEKBIRU-BIRU POLRESTA DELISERDANG

Personel Polsek Biru-Biru Polresta Deli Serdang yang  melaksanakan piket pada hari ini melaksanakan Pengamanan terhadap Vaksin Sinovac Covid 19 yang disimpan di Puskesmas Biru-Biru. https://t.co/lzuMwhEPf9",[]
AzizahKamila8,Chamomile addict!,,24,13,61,2021-02-02 17:58:35,2021-02-14 07:57:16,0,"Dipantau terlebih dahulu dan dipertimbangkan dengan matang sebelum memutuskan untuk membeli vaksin Sinovac

#VaksinCOVID19 https://t.co/KuLYVeAp0K","[{'text': 'VaksinCOVID19', 'indices': [108, 122]}]"
umay_patria,Kerakusan Akan Menghancurkanmu #Maaf Lahir & Bathin,@Alam Semesta_Indonesia,728,1251,146339,2011-06-09 08:41:52,2021-02-14 07:51:49,1,"@geloraco dr awal sllu timbul prtanyaan dlm otak ada apa dg vaksin sinovac smpe bgtu getolnya thdp merk ini..vaksin merah putih justru diabaikan.
skrg pke ancaman gk dpt bansos, jgn"" duit utk bansos udh nipis ato bhkn hbis..",[]
lazekarcebonx,K-Drone Insyaf. ğŸ˜Š,,122,72,433,2021-01-17 11:52:42,2021-02-14 07:44:48,0,"Pada uji klinis fase 1 dan 2 dilakukan China dengan subjek lansia sekitar 400 orang, diberikan dalam 2 dosis dengan jarak 28 hari. Sisi keamanan dapat ditoleransi, tidak ditemukan efek samping serius derajat ketiga yang dilaporkan.
https://t.co/AI7ohQFfQX",[]
LianaIndahSar12,Indah Pada Waktunya,,62,73,76,2021-02-03 02:10:13,2021-02-14 07:42:43,0,"MUI Nyatakan Vaksin Covid-19 Sinovac Halal

#VaksinCOVID19 #BersamaLawanCovid19 #Indonesia #IndonesiaMaju #LawanCovid19 https://t.co/EUxUg4OYTC","[{'text': 'VaksinCOVID19', 'indices': [44, 58]}, {'text': 'BersamaLawanCovid19', 'indices': [59, 79]}, {'text': 'Indonesia', 'indices': [80, 90]}, {'text': 'IndonesiaMaju', 'indices': [91, 105]}, {'text': 'LawanCovid19', 'indices': [106, 119]}]"
smartfm_medan,"Business And Inspiration!
Part Of KG Radio Network.

Instagram: @smartfmmedan || FB: Smartfm Medan New || Youtube: Smart FM Medan || SMS/WA 0811 615 1018",Sei Petani 36 Medan Indonesia,181,886,16517,2011-08-10 06:30:01,2021-02-14 07:16:41,0,"#SmartListners,
.
Sejumlah lansia di Indonesia mulai mendapatkan vaksin setelah Badan Pengawas Obat dan Makanan (BPOM) RI mengeluarkan izin penggunaan darurat vaksin Sinovac kepada lansia.

Hal itu tertuang dalam Surat Edaran Nomor: HK.01.01/I/368/2021 tâ€¦ https://t.co/fsqCk7l8zy https://t.co/0DjJnBqLey","[{'text': 'SmartListners', 'indices': [0, 14]}]"
haidir_setiawan,Mencari seseorang yang dapat berbagi kebahagiaan dan kesedihan.semoga dapat memberikan senyuman dan inspirasi kepada semua orang :)!!!,indonesia,1349,2284,222326,2010-02-07 06:34:54,2021-02-14 07:00:15,11,"Apa makna hasil uji Sinovac ini?

Program Vaksin Gratis Sinovac RI akan membebaskan Negara dari Biaya Perawatan Medis bagi Positif Virus Mahkota

Karena Penerima Vaksinasi Sinovac akan tetap Positif Virus Mahkota 

Namun Bed Rest atas biaya sendiri

ğŸŒ
https://t.co/ybHj5Fvg0g",[]
haidir_setiawan,Mencari seseorang yang dapat berbagi kebahagiaan dan kesedihan.semoga dapat memberikan senyuman dan inspirasi kepada semua orang :)!!!,indonesia,1349,2284,222326,2010-02-07 06:34:54,2021-02-14 07:00:12,18,"Sinovac Akui Vaksin Buatannya Tidak Terlalu Manjur

Hasil Ujicoba 12.396 Orang di Brazil dan Turki :

- 100% Tetap Positif Virus Mahkota Namun Cegah Rawat Inap

- 83,7% Tetap Positif Virus Mahkota Tanpa Perlu Perawatan Medis

ğŸŒ
https://t.co/442TCa4pfJ",[]
AgungWidrajat,"'Tidak penting apa agama/sukumu. Jika kamu bisa melakukan sesuatu yang baik untuk semua orang, orang tidak akan bertanya apa agamamu' Gus Durâ„¢",Our Earth,1151,2424,421556,2012-04-04 17:08:40,2021-02-14 06:59:55,53,"Santun pagi sahabat semuanya,slm sht penuh semangat,,, buat yg kmrin sempat tanya,,, tentang vaksin sinovac,katanya udh di vaksin bisa terpapar covid19, ini kimmi bantu menjelaskan,dan semoga bermanfaat buat semuanya salam #SehatIndonesiaku https://t.co/lyLS3NkRks",[]
Gesya16473724,maju tak gentar,,173,63,969,2020-05-13 14:34:28,2021-02-14 06:58:59,0,Sinovac Menjamin Vaksin Covid 19 untuk Lansia Aman #VaksinCOVID19 https://t.co/GuQ5RaLOF8,"[{'text': 'VaksinCOVID19', 'indices': [51, 65]}]"
smartfm_medan,"Business And Inspiration!
Part Of KG Radio Network.

Instagram: @smartfmmedan || FB: Smartfm Medan New || Youtube: Smart FM Medan || SMS/WA 0811 615 1018",Sei Petani 36 Medan Indonesia,181,886,16517,2011-08-10 06:30:01,2021-02-14 06:46:36,0,"#SmartListners,
.
Sejumlah lansia di Indonesia mulai mendapatkan vaksin setelah Badan Pengawas Obat dan Makanan (BPOM) RI mengeluarkan izin penggunaan darurat vaksin Sinovac kepada lansia.

Hal itu tertuang dalam Surat Edaran Nomor: HK.01.01/I/368/2021 tâ€¦ https://t.co/fsqCk7l8zy","[{'text': 'SmartListners', 'indices': [0, 14]}]"
anggihawawi,,,176,55,9257,2011-02-15 01:07:33,2021-02-14 06:23:58,53,"Santun pagi sahabat semuanya,slm sht penuh semangat,,, buat yg kmrin sempat tanya,,, tentang vaksin sinovac,katanya udh di vaksin bisa terpapar covid19, ini kimmi bantu menjelaskan,dan semoga bermanfaat buat semuanya salam #SehatIndonesiaku https://t.co/lyLS3NkRks",[]
DwiNoviantoro1,keep rock'in,,1709,1447,30083,2019-10-05 12:29:45,2021-02-14 05:53:55,53,"Santun pagi sahabat semuanya,slm sht penuh semangat,,, buat yg kmrin sempat tanya,,, tentang vaksin sinovac,katanya udh di vaksin bisa terpapar covid19, ini kimmi bantu menjelaskan,dan semoga bermanfaat buat semuanya salam #SehatIndonesiaku https://t.co/lyLS3NkRks",[]
pikiran_rakyat,"Lebih Tahu Jawa Barat
Kirimkan Foto/Video anda ke :
WA/Telegram : 08112355650
(Pikiran Rakyat)","Bandung, Jawa Barat",22,430325,333118,2009-07-21 18:48:20,2021-02-14 05:43:19,0,"Kurangi Efek Samping Vaksin Covid-19, Berikut Sejumlah Tips dari Dokter Spesialis Penyakit Dalam

https://t.co/xFCwyXvfzN 

#covid19 #virus #corona #antibodi #vaksin #vaccine #sinovac #efek #samping #kipi #dokter #kesehatan #kasus #imun #spesialis #penyakit #penyakitdalam #prmn","[{'text': 'covid19', 'indices': [124, 132]}, {'text': 'virus', 'indices': [133, 139]}, {'text': 'corona', 'indices': [140, 147]}, {'text': 'antibodi', 'indices': [148, 157]}, {'text': 'vaksin', 'indices': [158, 165]}, {'text': 'vaccine', 'indices': [166, 174]}, {'text': 'sinovac', 'indices': [175, 183]}, {'text': 'efek', 'indices': [184, 189]}, {'text': 'samping', 'indices': [190, 198]}, {'text': 'kipi', 'indices': [199, 204]}, {'text': 'dokter', 'indices': [205, 212]}, {'text': 'kesehatan', 'indices': [213, 223]}, {'text': 'kasus', 'indices': [224, 230]}, {'text': 'imun', 'indices': [231, 236]}, {'text': 'spesialis', 'indices': [237, 247]}, {'text': 'penyakit', 'indices': [248, 257]}, {'text': 'penyakitdalam', 'indices': [258, 272]}, {'text': 'prmn', 'indices': [273, 278]}]"
Hazeskw,sakti tapi arep mati,"Sukawera, Kertasemaya",3132,1062,49824,2016-11-16 10:23:56,2021-02-14 05:32:37,53,"Santun pagi sahabat semuanya,slm sht penuh semangat,,, buat yg kmrin sempat tanya,,, tentang vaksin sinovac,katanya udh di vaksin bisa terpapar covid19, ini kimmi bantu menjelaskan,dan semoga bermanfaat buat semuanya salam #SehatIndonesiaku https://t.co/lyLS3NkRks",[]
cangcingiss,jejak digital sangat kejam .... ingat anak cucu bakal terlibat .... jempol anda saksinya,tidar pakuning jagad-indonesia,1269,427,48251,2011-10-12 22:30:51,2021-02-14 05:23:22,53,"Santun pagi sahabat semuanya,slm sht penuh semangat,,, buat yg kmrin sempat tanya,,, tentang vaksin sinovac,katanya udh di vaksin bisa terpapar covid19, ini kimmi bantu menjelaskan,dan semoga bermanfaat buat semuanya salam #SehatIndonesiaku https://t.co/lyLS3NkRks",[]
Siska34541966,jakarta,,242,58,1043,2020-11-16 07:45:48,2021-02-14 05:12:21,0,MUI nyatakan vaksin covid-19 sinovac halal https://t.co/ZAvOqYSTxJ,[]
BimaNooor,lewati,,209,76,158,2021-02-02 11:41:27,2021-02-14 05:07:58,0,MUI nyatakan vaksin covid-19 sinovac halal https://t.co/WBHLLy4hTs,[]
AmandaKirni6,Yuk follow #Twitter #Moremovie nonton film layarkaca21 lk21 indoxxi sub indo,medan,859,676,649,2021-01-05 06:50:46,2021-02-14 04:47:06,53,"Santun pagi sahabat semuanya,slm sht penuh semangat,,, buat yg kmrin sempat tanya,,, tentang vaksin sinovac,katanya udh di vaksin bisa terpapar covid19, ini kimmi bantu menjelaskan,dan semoga bermanfaat buat semuanya salam #SehatIndonesiaku https://t.co/lyLS3NkRks",[]
wangyuenli_eu,"HILOT | â˜»bata,matanda,bagong panganak,buntis | â™¦pilay, therapy,lamig ng katawan, pasma,tawas |",philippines,61,11,976,2015-04-15 09:57:32,2021-02-14 04:39:52,1,"Humas Semen
Bktm desa Bobang Aipda Rony giat  pengamanan Vaksin Sinovac di gudang obat Puskesmas Semen jumlah Vaksin 0 Vial.( 14/02/2021) https://t.co/2nxUYjVlfk",[]
PUTRAALASPURWO1,,,162,146,3114,2020-12-06 12:23:48,2021-02-14 04:38:45,3,BPOM RI tengah menyetujui penggunaan vaksin COVID-19 Sinovac untuk lansia. Sejumlah dokter senior sudah mendapatkan suntikan dan menceritakan bagaimana rasanya. https://t.co/sSpYtPEaTw,[]
kristo38234279,â¤ğŸ‡®ğŸ‡©SATPAM NKRIğŸ‡®ğŸ‡©â¤,,1386,150,222,2020-12-30 02:39:23,2021-02-14 04:33:21,53,"Santun pagi sahabat semuanya,slm sht penuh semangat,,, buat yg kmrin sempat tanya,,, tentang vaksin sinovac,katanya udh di vaksin bisa terpapar covid19, ini kimmi bantu menjelaskan,dan semoga bermanfaat buat semuanya salam #SehatIndonesiaku https://t.co/lyLS3NkRks",[]
Awan46487409,,,1,2,969,2021-01-18 09:19:16,2021-02-14 04:31:47,1,"Humas Semen
Bktm desa Bobang Aipda Rony giat  pengamanan Vaksin Sinovac di gudang obat Puskesmas Semen jumlah Vaksin 0 Vial.( 14/02/2021) https://t.co/2nxUYjVlfk",[]
kopiterpahit,Carilah di dunia sana mungkin lebih indah,Jakarta - Indonesia,271,125,1356,2010-03-23 01:27:54,2021-02-14 04:19:22,53,"Santun pagi sahabat semuanya,slm sht penuh semangat,,, buat yg kmrin sempat tanya,,, tentang vaksin sinovac,katanya udh di vaksin bisa terpapar covid19, ini kimmi bantu menjelaskan,dan semoga bermanfaat buat semuanya salam #SehatIndonesiaku https://t.co/lyLS3NkRks",[]
tribunkaltim,"TRIBUNKALTIM - Grup KOMPAS GRAMEDIA: media massa modern; konvergensi print, online, video dan media sosial di Kalimantan Timur & Kalimantan Utara.","Balikpapan, Indonesia",3627,30477,264108,2010-01-10 11:53:59,2021-02-14 04:18:53,0,"Vaksinasi Covid-19 Tahap 2 Bagi Petugas Pelayan Publik, Kapolres Malinau Beber Kesiapan Anak Buahnya

#VaksinasiCovid19 #KabupatenMalinau #tenagakesehatan #AgusNugraha #PolresMalinau #vaksinasi #vaksin #Sinovac #DinasKesehatan #Malinau

https://t.co/B4esuexU0c","[{'text': 'VaksinasiCovid19', 'indices': [102, 119]}, {'text': 'KabupatenMalinau', 'indices': [120, 137]}, {'text': 'tenagakesehatan', 'indices': [138, 154]}, {'text': 'AgusNugraha', 'indices': [155, 167]}, {'text': 'PolresMalinau', 'indices': [168, 182]}, {'text': 'vaksinasi', 'indices': [183, 193]}, {'text': 'vaksin', 'indices': [194, 201]}, {'text': 'Sinovac', 'indices': [202, 210]}, {'text': 'DinasKesehatan', 'indices': [211, 226]}, {'text': 'Malinau', 'indices': [227, 235]}]"
CaesarDcandra,ojodumeh,,273,419,10449,2019-06-10 08:58:45,2021-02-14 04:12:54,1,"@geloraco dr awal sllu timbul prtanyaan dlm otak ada apa dg vaksin sinovac smpe bgtu getolnya thdp merk ini..vaksin merah putih justru diabaikan.
skrg pke ancaman gk dpt bansos, jgn"" duit utk bansos udh nipis ato bhkn hbis..",[]
bagasayudhi,,,8,10,177,2013-02-19 14:33:15,2021-02-14 03:58:45,0,"Vaksin dari sinovac udah d cap halal n suci dr MUI
Selain itu juga udah di cek keamanan'a Ama bio Farma Indonesia
Jd gk perlu ragu lagi dech

#VaksinasiNasional #VaksinCOVID19 https://t.co/BM87hCr0MD","[{'text': 'VaksinasiNasional', 'indices': [142, 160]}, {'text': 'VaksinCOVID19', 'indices': [161, 175]}]"
Irwanjnb1,,"Kota Banda Aceh, Nangro Aceh D",40,1,3,2020-12-21 04:28:30,2021-02-14 03:50:13,0,Menerima suntikan vaksin sinovac https://t.co/PO5Hhf4vrK,[]
Anto47922020,jomblo,,1204,624,8896,2020-07-26 08:40:42,2021-02-14 03:48:58,53,"Santun pagi sahabat semuanya,slm sht penuh semangat,,, buat yg kmrin sempat tanya,,, tentang vaksin sinovac,katanya udh di vaksin bisa terpapar covid19, ini kimmi bantu menjelaskan,dan semoga bermanfaat buat semuanya salam #SehatIndonesiaku https://t.co/lyLS3NkRks",[]
TahuSum86029853,life ia adventure,,67,26,33,2021-02-08 02:53:59,2021-02-14 03:43:44,0,"Sinovac menjamin vaksin COVID-19 untuk Lansia Aman.

#1JutaVaksinasiAman https://t.co/aRfN4Kx7kl","[{'text': '1JutaVaksinasiAman', 'indices': [53, 72]}]"
HdinHafizuddin,Bismillah | PGeol & RPO | Clubhouse ID : @hdinhafizuddin  | Menulis Fiksyen Sains & Fantasi | hafizuddinmahmood@gmail.com |,"Muar, Johor",4337,1797,81498,2009-12-19 06:51:45,2021-02-14 03:42:17,0,"I just posted ""46.0 : Program Imunisasi Kebangsaan "" for my story ""Awanama Kosmos "". https://t.co/cGqPEJYj8w #imunisasi #imuniti #vaccine #vaksin #pfitzer #sinovac #sputnik #BacaBuku #BacaNovel #youjuststartedabook #MalaysiaMembaca #Angkasa #Mars2020 #ISS  https://t.co/6Lw4EM7oME https://t.co/FiPKAwFy9n","[{'text': 'imunisasi', 'indices': [109, 119]}, {'text': 'imuniti', 'indices': [120, 128]}, {'text': 'vaccine', 'indices': [129, 137]}, {'text': 'vaksin', 'indices': [138, 145]}, {'text': 'pfitzer', 'indices': [146, 154]}, {'text': 'sinovac', 'indices': [155, 163]}, {'text': 'sputnik', 'indices': [164, 172]}, {'text': 'BacaBuku', 'indices': [173, 182]}, {'text': 'BacaNovel', 'indices': [183, 193]}, {'text': 'youjuststartedabook', 'indices': [194, 214]}, {'text': 'MalaysiaMembaca', 'indices': [215, 231]}, {'text': 'Angkasa', 'indices': [232, 240]}, {'text': 'Mars2020', 'indices': [241, 250]}, {'text': 'ISS', 'indices': [251, 255]}]"
XHIndonesia,"Kami adalah media publik untuk kepentingan publik. Kami tidak mengejar kepentingan perusahaan, pun tunduk pada tekanan stigmatisasi ideologis dan bias politik.",Jakarta Capital Region,0,65132,83786,2015-07-07 15:36:59,2021-02-14 03:30:00,0,"Para penduduk yang berada di sepuluh provinsi di Thailand akan divaksinasi dengan vaksin COVID-19 Sinovac buatan Tiongkok, sebut seorang pejabat tinggi pemerintah Thailand https://t.co/IaheMKEDXn https://t.co/xGXIy71B55",[]
erkajenurmawa,,indonesia,247,239,3451,2012-03-01 14:22:58,2021-02-14 03:29:26,53,"Santun pagi sahabat semuanya,slm sht penuh semangat,,, buat yg kmrin sempat tanya,,, tentang vaksin sinovac,katanya udh di vaksin bisa terpapar covid19, ini kimmi bantu menjelaskan,dan semoga bermanfaat buat semuanya salam #SehatIndonesiaku https://t.co/lyLS3NkRks",[]
idntimes,"Official Account IDN Times | a multi-platform news and entertainment | Email: redaksi@idntimes.com | Baca Berita Tanpa Gangguan Iklan, download IDN App sekarang",,286,407585,375501,2011-10-10 10:25:12,2021-02-14 03:24:31,1,Benarkah ustaz Maaher meninggal akibat vaksin Sinovac? https://t.co/DHfM9UXVaO,[]
IDNTimesLampung,#IDNTimesLampung,"Lampung, Indonesia",12,59,1920,2020-10-21 10:10:33,2021-02-14 03:24:02,1,Benarkah ustaz Maaher meninggal akibat vaksin Sinovac? https://t.co/DHfM9UXVaO,[]
AJAHayyan,"Physiatrist (Spesialis Kedokteran Fisik dan Rehabilitasi). Sport-Pain Rehabilitation, Basketball, Husband, Singer.",Indonesia,565,702,11065,2010-06-19 02:27:51,2021-02-14 03:23:13,0,Salah satu ketetapan lainnya adalah terdapat studi vaksin Sinovac memberikan angka efikasi lebih dari 50% dalam menurunkan angka penularan dan kematian akibat Covid-19 dan merupakan salah satu opsi darurat yang dapat dipilih pada masa pandemi ini.,[]
romyclaudius,,"Denpasar, Bali",492,130,109,2012-05-27 11:44:18,2021-02-14 03:15:09,134,"Seremoni berlebihan vaksinasi massal Covid-19, yang memperlakukan vaksin Sinovac bak dewa penyelamat, sangat mungkin ciptakan rasa aman palsu. Keraguan publik akan keamanan vaksin tak bisa dijawab dengan menghadirkan Raffi Ahmad dan Ariel. #ApaKataTempoÂ https://t.co/H3CJvqGlat https://t.co/rjw4j8yWsX",[]
goyangg_gayung,"ProJo ğŸ‡®ğŸ‡©
auto FB ğŸ™",,1332,767,127,2021-01-30 09:43:21,2021-02-14 03:05:47,3,BPOM RI tengah menyetujui penggunaan vaksin COVID-19 Sinovac untuk lansia. Sejumlah dokter senior sudah mendapatkan suntikan dan menceritakan bagaimana rasanya. https://t.co/sSpYtPEaTw,[]
prizatriawan,"Half Illustrator - elementary teacher, half young dad of one",Bandung,464,164,1152,2009-06-22 05:29:51,2021-02-14 03:04:26,0,"""aku gak mau vaksin karena dari sinovac""
""aku takut disuntik""
""kalau wafat karena corona, terhitung jihad, kalau karena vaksin mah kan engga""

menyadari diri fakir ilmu itu,sangat baik, menyampaikan kekhawatiran itu baik, tapi mengajak-mempengaruhi massa utk paranoid, itu salah",[]
habib_ndableg,NKRI Hqrgq Mqti,Belitong,4621,4026,8298,2013-03-08 00:51:07,2021-02-14 03:04:12,53,"Santun pagi sahabat semuanya,slm sht penuh semangat,,, buat yg kmrin sempat tanya,,, tentang vaksin sinovac,katanya udh di vaksin bisa terpapar covid19, ini kimmi bantu menjelaskan,dan semoga bermanfaat buat semuanya salam #SehatIndonesiaku https://t.co/lyLS3NkRks",[]
antonsky33,,,366,135,2446,2015-04-15 13:18:27,2021-02-14 02:56:00,53,"Santun pagi sahabat semuanya,slm sht penuh semangat,,, buat yg kmrin sempat tanya,,, tentang vaksin sinovac,katanya udh di vaksin bisa terpapar covid19, ini kimmi bantu menjelaskan,dan semoga bermanfaat buat semuanya salam #SehatIndonesiaku https://t.co/lyLS3NkRks",[]
KamiSensasi,Akun Pemberi Hidayah,,203,103,1726,2019-09-14 02:45:52,2021-02-14 02:41:21,0,"@EatSoto Nyatanya vaksin sinovac ga cuma indonesia aja yg pake, arab jga pake, masi mau bilang monyet? kau itu monyet",[]
Yesha61937586,Jangan Ada Penghianat di Antara Jerami,"Cilandak, Indonesia",15,14,1576,2020-04-29 13:42:33,2021-02-14 02:37:24,0,Vaksin Sinovac Aman Dan Halal untuk lawan Corona #FREETWICE #ForYou https://t.co/odvAPcsASW,"[{'text': 'FREETWICE', 'indices': [49, 59]}, {'text': 'ForYou', 'indices': [60, 67]}]"
NasiBerkat_,"NKRI HARGA MATI 
_____________________________________
ğŸ“ŒMemperbaiki akhlak dengan tindakan yang nyata adalah tujuan di masa depan
#IndonesiaMaju #IndonesiaJaya",,1781,1375,1394,2021-01-20 07:39:32,2021-02-14 02:35:02,40,"Selasa, 2/1/2021, pukul 10.30 ini telah tiba kedatangan ke-4 vaksin dari Sinovac dlm bentuk bulk sebanyak 10 jt dosis ditambah 1 jt vaksin overfill di bandara Soekarno Hatta. Vaksinasi tahap 1 ditujukan utk tenaga kesehatan yg akan dilanjutkan kpd pelayan publik pada tahap ke-2. https://t.co/gjiVmDRmnk",[]
AgungBasoeki,"Owner ,PT Adhitrak Perkasa","Malang , Indonesia",789,253,24593,2010-03-21 12:44:45,2021-02-14 02:30:56,11,"Bahan baku &amp; bahan 1/2 jadi untuk 11 juta dosis vaksin Sinovac tiba di Indonesia tgl 2 Februari.

Mohon cepat diproduksi dan diedarkan vaksin2 tsb. Sementara desak Sinovac u/ percepat pengiriman berikutnya. Khawatir pandemi di Indo semakin tak terkendali.
https://t.co/PLiZ2pSyUX",[]
detikcom,Official Twitter of https://t.co/oOBkZ1EQMA. redaksi@detik.com | promosi@detik.com | Android: https://t.co/uBAYnisH9r iPhone: https://t.co/36uDqdyxKN,"Jakarta, Indonesia",30,16712995,1768504,2009-08-27 03:03:05,2021-02-14 02:29:39,3,BPOM RI tengah menyetujui penggunaan vaksin COVID-19 Sinovac untuk lansia. Sejumlah dokter senior sudah mendapatkan suntikan dan menceritakan bagaimana rasanya. https://t.co/sSpYtPEaTw,[]
alextham878,"kemarin ğ€ #Sejarah, Hari ini ğ€ #Anugerah â…‹ Besok ğ€ #Mistery.
ğ—™ğ—®ğ—¹ğ—¹ğ—¼ğ˜„ ğ— ğ—² â…‹ ğ—œ'ğ—¹ğ—¹ ğ—™ğ—¼ğ—¹ğ—¹ğ—¯à¸ªà¹‰à¹‰à¹‰à¹‰à¹‰à¹‰à¹‰à¹‰à¹‰à¹‰à¹‰à¹‰à¹‰à¹‰à¹‰à¹‰à¹‰à¹‰à¹‰à¹‰à¹‰à¹‰à¹‰à¹‰à¹‰à¹‰à¹‰à¹‰à¹‰à¹‰à¹‰à¹‰à¹‰à¹‰à¹‰à¹‰à¹‰à¹‰à¹‰à¹‰à¹‰à¹‰à¹‰à¹‰à¹‰à¹‰à¹‰à¹‰à¹‰à¹‰à¹‰à¹‰à¹‰ğ—°ğ—¸",,6853,6884,12087,2019-12-29 05:16:13,2021-02-14 02:28:07,53,"Santun pagi sahabat semuanya,slm sht penuh semangat,,, buat yg kmrin sempat tanya,,, tentang vaksin sinovac,katanya udh di vaksin bisa terpapar covid19, ini kimmi bantu menjelaskan,dan semoga bermanfaat buat semuanya salam #SehatIndonesiaku https://t.co/lyLS3NkRks",[]
KicauanL,No,,105,81,79,2021-02-02 10:16:09,2021-02-14 02:26:36,0,"MUI nyatakan vaksin covid-19 sinovac halal

#1JutaVaksinasiAman https://t.co/JQ9x3YrhPl","[{'text': '1JutaVaksinasiAman', 'indices': [44, 63]}]"
mimi_chimmy,,,561,555,632,2020-09-13 16:25:23,2021-02-14 02:24:01,0,"Membanggakan, PT Bio Farma sudah berhasil memproduksi vaksin covid-19 dg bahan baku yg dikirim Sinovac. Keren ... !

#indonesiamaju
#jokowi https://t.co/6dHEyocQpB","[{'text': 'indonesiamaju', 'indices': [117, 131]}, {'text': 'jokowi', 'indices': [132, 139]}]"
KTopasha,Anjanna Gapidha Hyangga,,1685,274,166,2019-12-27 08:44:55,2021-02-14 02:20:30,53,"Santun pagi sahabat semuanya,slm sht penuh semangat,,, buat yg kmrin sempat tanya,,, tentang vaksin sinovac,katanya udh di vaksin bisa terpapar covid19, ini kimmi bantu menjelaskan,dan semoga bermanfaat buat semuanya salam #SehatIndonesiaku https://t.co/lyLS3NkRks",[]
ProkomKukar,"Bagian PROTOKOL DAN KOMUNIKASI PIMPINAN Setkab Kukar, Memberikan Informasi Perangkat Daerah, Pelayanan Publik, Investasi dan Seputar Pariwisata Daerah.","Kutai Kartanegara, Kaltim",416,3312,13157,2012-06-21 04:19:12,2021-02-14 02:11:53,0,"Berikut Penjelasan Lengkap
Pengelompokan Penerima Vaksin Sinovac COVID-19

Pemerintah secara resmi mengizinkan pemberian vaksin COVID-19 bagi kelompok usia 60 tahun ke atas, Komorbid, Penyintas COVID-19 dan Ibu Menyusui dengan terlebih dahulu dilakukan anamnesa tambahan. https://t.co/y557iw8sTY",[]
mcreativepky,"Jasa Pembuatan Website, aplikasi perkantoran, aplikasi android",Palangka Raya,3,52,61765,2015-11-08 17:01:11,2021-02-14 02:05:04,0,"Pengecekan Vaksin Sinovac, Polsek Maliku Dampingi Petugas KesehatanÂ Setempat https://t.co/OcmuDXDxKq",[]
n1ckeff,,,13773,14144,57751,2010-04-26 06:28:48,2021-02-14 01:53:49,53,"Santun pagi sahabat semuanya,slm sht penuh semangat,,, buat yg kmrin sempat tanya,,, tentang vaksin sinovac,katanya udh di vaksin bisa terpapar covid19, ini kimmi bantu menjelaskan,dan semoga bermanfaat buat semuanya salam #SehatIndonesiaku https://t.co/lyLS3NkRks",[]
RelawanNusanta1,Berjuang untuk keutuhan NKRI,,4131,4107,19070,2018-09-29 17:08:37,2021-02-14 01:49:01,53,"Santun pagi sahabat semuanya,slm sht penuh semangat,,, buat yg kmrin sempat tanya,,, tentang vaksin sinovac,katanya udh di vaksin bisa terpapar covid19, ini kimmi bantu menjelaskan,dan semoga bermanfaat buat semuanya salam #SehatIndonesiaku https://t.co/lyLS3NkRks",[]
1802_kimmi,"Kepak Sayap Merpati Putihâ­1802 arâ¤mon   
 Suro Diro Jayaningrat Lebur Dening Pangastuti 
#JalinPersatuan #SehatIndonesiaku âŒNo DM",,19258,27728,43971,2019-08-12 16:35:25,2021-02-14 01:42:30,0,"@parkjmfika Makanya kak,,,,saya selalu menekankan jgn salahkan vaksin jika hbs di vaksin sinovac kok malah positif,,,tp itu pasti seblm vaksin udh positif tapi tanpa gejala apapun,,,",[]
BundaRi53824629,"three  things in life once gone never  comeback, time ,words , opportunity ,


NKRI HARGA MATI ğŸ‡²ğŸ‡¨",,900,773,828,2019-12-26 13:10:31,2021-02-14 01:40:47,53,"Santun pagi sahabat semuanya,slm sht penuh semangat,,, buat yg kmrin sempat tanya,,, tentang vaksin sinovac,katanya udh di vaksin bisa terpapar covid19, ini kimmi bantu menjelaskan,dan semoga bermanfaat buat semuanya salam #SehatIndonesiaku https://t.co/lyLS3NkRks",[]
kotamagetan_,Call center covid-19 RSU Sayidiman Magetan: Tel: +62351 895023 l WA: +6281133352898. RS rujukan: RSU Sayidiman l RSU Efram Harsana,"Magetan, Jawa Timur.",72,5041,65965,2011-05-24 00:04:11,2021-02-14 01:38:19,0,Ini kata Dinas Kesehatan Kabupaten Magetan Soal Vaksin Sinovac : https://t.co/W3fbV8qaVp,[]
Alfianzainal,"Berbicara, jagalah lidah. 
Ngetwit, jagalah burung | black coffee-sea-poem lovers | ğŸ‡®ğŸ‡©",Indonesia,3989,4645,440306,2009-08-04 14:03:00,2021-02-14 01:36:44,53,"Santun pagi sahabat semuanya,slm sht penuh semangat,,, buat yg kmrin sempat tanya,,, tentang vaksin sinovac,katanya udh di vaksin bisa terpapar covid19, ini kimmi bantu menjelaskan,dan semoga bermanfaat buat semuanya salam #SehatIndonesiaku https://t.co/lyLS3NkRks",[]
4ntonius_,SERASAN SEKATE,,5959,5632,54954,2020-02-10 04:33:39,2021-02-14 01:28:20,53,"Santun pagi sahabat semuanya,slm sht penuh semangat,,, buat yg kmrin sempat tanya,,, tentang vaksin sinovac,katanya udh di vaksin bisa terpapar covid19, ini kimmi bantu menjelaskan,dan semoga bermanfaat buat semuanya salam #SehatIndonesiaku https://t.co/lyLS3NkRks",[]
wiena_kinasih,"Music,reading,silence is the soul of my patience.INDONESIA is the land of my bloodğŸ‡®ğŸ‡©",Singapore,2674,2857,27915,2016-11-19 12:20:14,2021-02-14 01:16:37,53,"Santun pagi sahabat semuanya,slm sht penuh semangat,,, buat yg kmrin sempat tanya,,, tentang vaksin sinovac,katanya udh di vaksin bisa terpapar covid19, ini kimmi bantu menjelaskan,dan semoga bermanfaat buat semuanya salam #SehatIndonesiaku https://t.co/lyLS3NkRks",[]
innnuwoh,hiduplah hidup,Jakarta,319,172,2079,2015-02-10 01:47:37,2021-02-14 01:02:16,53,"Santun pagi sahabat semuanya,slm sht penuh semangat,,, buat yg kmrin sempat tanya,,, tentang vaksin sinovac,katanya udh di vaksin bisa terpapar covid19, ini kimmi bantu menjelaskan,dan semoga bermanfaat buat semuanya salam #SehatIndonesiaku https://t.co/lyLS3NkRks",[]
flingkarmuslim,Komunitas Peduli Kemaslahatan Umat,,10,41,1724,2013-12-13 16:14:15,2021-02-14 00:59:02,0,Majelis Ulama Indonesia (MUI) nyatakan Vaksin Covid-19 Sinovac Halal. #VaksinCOVID19 #vaksinhalal #CoronaVaccine #COVID19 https://t.co/ROWfElMU4c,"[{'text': 'VaksinCOVID19', 'indices': [70, 84]}, {'text': 'vaksinhalal', 'indices': [85, 97]}, {'text': 'CoronaVaccine', 'indices': [98, 112]}, {'text': 'COVID19', 'indices': [113, 121]}]"
screambaniakhmd,,"Salatiga, Jawa Tengah",325,181,6401,2011-07-02 02:17:14,2021-02-14 00:51:51,53,"Santun pagi sahabat semuanya,slm sht penuh semangat,,, buat yg kmrin sempat tanya,,, tentang vaksin sinovac,katanya udh di vaksin bisa terpapar covid19, ini kimmi bantu menjelaskan,dan semoga bermanfaat buat semuanya salam #SehatIndonesiaku https://t.co/lyLS3NkRks",[]
detikHealth,"Akun resmi situs informasi seputar kesehatan https://t.co/18hCMPGDtA |
Contact: redaksi@detikhealth.com | promosi@detik.com",Jakarta - Indonesia,15,1816034,112372,2010-01-13 10:44:52,2021-02-14 00:45:41,0,BPOM RI tengah menyetujui penggunaan vaksin COVID-19 Sinovac untuk lansia. Sejumlah dokter senior sudah mendapatkan suntikan dan menceritakan bagaimana rasanya. https://t.co/xOG0vWLCug,[]
BothakKirno,,,398,14,422,2020-10-24 09:07:07,2021-02-14 00:41:13,53,"Santun pagi sahabat semuanya,slm sht penuh semangat,,, buat yg kmrin sempat tanya,,, tentang vaksin sinovac,katanya udh di vaksin bisa terpapar covid19, ini kimmi bantu menjelaskan,dan semoga bermanfaat buat semuanya salam #SehatIndonesiaku https://t.co/lyLS3NkRks",[]
dewipoe1128,"â™¥ï¸NKRI
~ Pencapaian yang besar dimulai dari mengerjakan hal kecil ~",Jawa Barat,4271,4298,7384,2019-04-25 12:56:23,2021-02-14 00:38:01,53,"Santun pagi sahabat semuanya,slm sht penuh semangat,,, buat yg kmrin sempat tanya,,, tentang vaksin sinovac,katanya udh di vaksin bisa terpapar covid19, ini kimmi bantu menjelaskan,dan semoga bermanfaat buat semuanya salam #SehatIndonesiaku https://t.co/lyLS3NkRks",[]
danial_riadi,Netizenâ¤ğŸ‡²ğŸ‡¨NKRI//Stay Safe Bismillah#AyoPulihIndonesiaku,DiAtasBumiIndonesia,3638,3393,4485,2016-09-08 12:33:10,2021-02-14 00:32:39,53,"Santun pagi sahabat semuanya,slm sht penuh semangat,,, buat yg kmrin sempat tanya,,, tentang vaksin sinovac,katanya udh di vaksin bisa terpapar covid19, ini kimmi bantu menjelaskan,dan semoga bermanfaat buat semuanya salam #SehatIndonesiaku https://t.co/lyLS3NkRks",[]
seventeenjune70,We are just as your thoughts,"BrasÃ­lia, Brasil",73,10,404,2018-05-26 08:16:22,2021-02-14 00:26:04,53,"Santun pagi sahabat semuanya,slm sht penuh semangat,,, buat yg kmrin sempat tanya,,, tentang vaksin sinovac,katanya udh di vaksin bisa terpapar covid19, ini kimmi bantu menjelaskan,dan semoga bermanfaat buat semuanya salam #SehatIndonesiaku https://t.co/lyLS3NkRks",[]
gbjkt9198,"Doa, Upaya, dan Puji Syukur ... Senantiasa Di Dalam Nama Tuhan Jesus Kristus !!!","Ciputat, Indonesia",78,12,465,2016-03-22 00:38:42,2021-02-14 00:25:13,53,"Santun pagi sahabat semuanya,slm sht penuh semangat,,, buat yg kmrin sempat tanya,,, tentang vaksin sinovac,katanya udh di vaksin bisa terpapar covid19, ini kimmi bantu menjelaskan,dan semoga bermanfaat buat semuanya salam #SehatIndonesiaku https://t.co/lyLS3NkRks",[]
dasaagustus88,"Trying 2 make a Peace, Justice, Tolerance & Joy UPHOLD around Me, U & Others. Let's unite all d'Difference & wipe away d'Authoritarian","Alaska, Canada",1596,197,3765,2010-07-13 13:16:48,2021-02-14 00:24:44,53,"Santun pagi sahabat semuanya,slm sht penuh semangat,,, buat yg kmrin sempat tanya,,, tentang vaksin sinovac,katanya udh di vaksin bisa terpapar covid19, ini kimmi bantu menjelaskan,dan semoga bermanfaat buat semuanya salam #SehatIndonesiaku https://t.co/lyLS3NkRks",[]
budundut70,"Just try to be nice ,, and honest",Indonesia,188,16,1604,2017-09-24 04:43:34,2021-02-14 00:23:55,53,"Santun pagi sahabat semuanya,slm sht penuh semangat,,, buat yg kmrin sempat tanya,,, tentang vaksin sinovac,katanya udh di vaksin bisa terpapar covid19, ini kimmi bantu menjelaskan,dan semoga bermanfaat buat semuanya salam #SehatIndonesiaku https://t.co/lyLS3NkRks",[]
Project10656505,.,,123,68,55,2021-02-03 16:55:34,2021-02-14 00:21:13,0,Vaksin Sinovac aman dan halal https://t.co/ODU3Hs4G5p,[]
ngonlain,"Tanpa adanya FPI Terlarang, ngonlain pun bisa jadi damai dan tenang",,3782,3709,192422,2017-10-16 01:54:17,2021-02-14 00:20:37,53,"Santun pagi sahabat semuanya,slm sht penuh semangat,,, buat yg kmrin sempat tanya,,, tentang vaksin sinovac,katanya udh di vaksin bisa terpapar covid19, ini kimmi bantu menjelaskan,dan semoga bermanfaat buat semuanya salam #SehatIndonesiaku https://t.co/lyLS3NkRks",[]
hanjenif,,,5956,5948,113677,2017-09-15 12:50:29,2021-02-14 00:16:15,53,"Santun pagi sahabat semuanya,slm sht penuh semangat,,, buat yg kmrin sempat tanya,,, tentang vaksin sinovac,katanya udh di vaksin bisa terpapar covid19, ini kimmi bantu menjelaskan,dan semoga bermanfaat buat semuanya salam #SehatIndonesiaku https://t.co/lyLS3NkRks",[]
johnlie81,,,1292,834,4577,2012-12-12 18:12:03,2021-02-14 00:13:28,53,"Santun pagi sahabat semuanya,slm sht penuh semangat,,, buat yg kmrin sempat tanya,,, tentang vaksin sinovac,katanya udh di vaksin bisa terpapar covid19, ini kimmi bantu menjelaskan,dan semoga bermanfaat buat semuanya salam #SehatIndonesiaku https://t.co/lyLS3NkRks",[]
Mazggg,"AngkringanÂ â¤ NKRI.
Awali dg Bismillah Akhiri dg Alhamdulillah ğŸ™ğŸ¼",Indonesia,3854,3165,39346,2013-12-07 10:47:15,2021-02-14 00:10:23,53,"Santun pagi sahabat semuanya,slm sht penuh semangat,,, buat yg kmrin sempat tanya,,, tentang vaksin sinovac,katanya udh di vaksin bisa terpapar covid19, ini kimmi bantu menjelaskan,dan semoga bermanfaat buat semuanya salam #SehatIndonesiaku https://t.co/lyLS3NkRks",[]
AnziPuteri,,,4122,4181,21070,2019-10-23 02:25:16,2021-02-14 00:08:42,53,"Santun pagi sahabat semuanya,slm sht penuh semangat,,, buat yg kmrin sempat tanya,,, tentang vaksin sinovac,katanya udh di vaksin bisa terpapar covid19, ini kimmi bantu menjelaskan,dan semoga bermanfaat buat semuanya salam #SehatIndonesiaku https://t.co/lyLS3NkRks",[]
Oby_newbie,"Try to be nice ğŸ˜Š to every persons ğŸ¤—
Ayahnya KK Khaisya dan Dd Khenzy ğŸ˜Š
I'm Indonesian and I'm Proud of it ğŸ˜",Jakarta,1022,1229,31962,2016-05-19 17:33:05,2021-02-13 23:53:16,53,"Santun pagi sahabat semuanya,slm sht penuh semangat,,, buat yg kmrin sempat tanya,,, tentang vaksin sinovac,katanya udh di vaksin bisa terpapar covid19, ini kimmi bantu menjelaskan,dan semoga bermanfaat buat semuanya salam #SehatIndonesiaku https://t.co/lyLS3NkRks",[]
marsudibo,perlakukan orang lain sebagaimana kita ingin diperlalukan.,,1357,308,2434,2014-06-10 22:35:55,2021-02-13 23:49:34,53,"Santun pagi sahabat semuanya,slm sht penuh semangat,,, buat yg kmrin sempat tanya,,, tentang vaksin sinovac,katanya udh di vaksin bisa terpapar covid19, ini kimmi bantu menjelaskan,dan semoga bermanfaat buat semuanya salam #SehatIndonesiaku https://t.co/lyLS3NkRks",[]
ErikIlyas1,ğŸ‡®ğŸ‡©ğŸ’•ğŸ™‹â€â™‚ Salam Damai ğŸ™,"Blitar, Jawa Timur",7112,6851,4298,2019-05-14 12:53:44,2021-02-13 23:46:23,53,"Santun pagi sahabat semuanya,slm sht penuh semangat,,, buat yg kmrin sempat tanya,,, tentang vaksin sinovac,katanya udh di vaksin bisa terpapar covid19, ini kimmi bantu menjelaskan,dan semoga bermanfaat buat semuanya salam #SehatIndonesiaku https://t.co/lyLS3NkRks",[]
neniysur,Bakulan Permen Lolipop sejak 2011,,578,769,29224,2017-11-29 14:20:22,2021-02-13 23:32:48,0,"Vaksin C19 ga cuma sinovac ...

https://t.co/ZacVZy0IVS",[]
Vasisoma_days,"tak kenal maka tak sayang/Autofolback/
#NKRIğŸ‡®ğŸ‡©",,6410,6373,14452,2016-03-27 00:37:49,2021-02-13 23:32:04,53,"Santun pagi sahabat semuanya,slm sht penuh semangat,,, buat yg kmrin sempat tanya,,, tentang vaksin sinovac,katanya udh di vaksin bisa terpapar covid19, ini kimmi bantu menjelaskan,dan semoga bermanfaat buat semuanya salam #SehatIndonesiaku https://t.co/lyLS3NkRks",[]
albeliebeliebe,"ğŸ›µğŸ‡®ğŸ‡© belajarlah menetertawai kebodohan kita sendiri, sebelum ditertawakan oleh orang lain ğŸ›µğŸ‡®ğŸ‡© tukang ğŸ”ƒ, jarang ğŸ”Š ğŸ›µğŸ‡®ğŸ‡© otopolibek ğŸ›µğŸ‡®ğŸ‡©",,2989,1977,8682,2020-06-29 19:25:38,2021-02-13 23:31:25,53,"Santun pagi sahabat semuanya,slm sht penuh semangat,,, buat yg kmrin sempat tanya,,, tentang vaksin sinovac,katanya udh di vaksin bisa terpapar covid19, ini kimmi bantu menjelaskan,dan semoga bermanfaat buat semuanya salam #SehatIndonesiaku https://t.co/lyLS3NkRks",[]
oktarayya,,,460,499,3170,2015-05-10 00:19:22,2021-02-13 23:29:21,53,"Santun pagi sahabat semuanya,slm sht penuh semangat,,, buat yg kmrin sempat tanya,,, tentang vaksin sinovac,katanya udh di vaksin bisa terpapar covid19, ini kimmi bantu menjelaskan,dan semoga bermanfaat buat semuanya salam #SehatIndonesiaku https://t.co/lyLS3NkRks",[]
1802_kimmi,"Kepak Sayap Merpati Putihâ­1802 arâ¤mon   
 Suro Diro Jayaningrat Lebur Dening Pangastuti 
#JalinPersatuan #SehatIndonesiaku âŒNo DM",,19258,27728,43971,2019-08-12 16:35:25,2021-02-13 23:29:06,53,"Santun pagi sahabat semuanya,slm sht penuh semangat,,, buat yg kmrin sempat tanya,,, tentang vaksin sinovac,katanya udh di vaksin bisa terpapar covid19, ini kimmi bantu menjelaskan,dan semoga bermanfaat buat semuanya salam #SehatIndonesiaku https://t.co/lyLS3NkRks","[{'text': 'SehatIndonesiaku', 'indices': [223, 240]}]"
ocolucu2,,,19,19,77,2021-01-06 05:48:45,2021-02-13 23:00:18,0,"Meski, bahan baku vaksin tersebut berasal dari Sinovac yang telah mengantongi EUA untuk tiga juta dosis vaksin.13 juta dosis vaksin Covid-19 itu harus mengantongi izin edar dari BPOM. #OptimisPemulihanNegeri https://t.co/3jb3WfWBFr","[{'text': 'OptimisPemulihanNegeri', 'indices': [184, 207]}]"
ocojahat,,,18,19,67,2021-01-06 01:31:50,2021-02-13 22:59:37,0,"vaksin yang dikirim dari dua produsen. Yakni, Sinovac (Tiongkok) dan AstraZeneca (Inggris) #OptimisPemulihanNegeri https://t.co/0lqmlgSSZY","[{'text': 'OptimisPemulihanNegeri', 'indices': [91, 114]}]"
Gogo92984874,,,28,32,152,2020-12-11 01:17:23,2021-02-13 22:56:45,0,"13 juta dosis vaksin Covid-19 itu harus mengantongi izin edar dari BPOM. Meski, bahan baku vaksin tersebut berasal dari Sinovac  #OptimisPemulihanNegeri https://t.co/RkXUAtKWLN","[{'text': 'OptimisPemulihanNegeri', 'indices': [129, 152]}]"
Dewikkl,,,16,20,368,2020-11-09 10:43:18,2021-02-13 22:56:36,0,"Sinovac bakal menyerahkan 97 juta dosis covid-19. ""Akan dikirimkan (97 juta dosis vaksin Sinovac) secara bertahap sampai Juni #OptimisPemulihanNegeri ğŸ‘  https://t.co/Y3JxN68mRD","[{'text': 'OptimisPemulihanNegeri', 'indices': [126, 149]}]"
shuutme3,,,35,29,46,2021-01-24 12:04:25,2021-02-13 22:56:34,0,Dari produsen vaksin Sinovac bakal menyerahkan 97 juta dosis covid-19. Dan akan dikirimkan (97 juta dosis vaksin Sinovac) secara bertahap sampai Juni #OptimisPemulihanNegeri https://t.co/4SA4hL82yV,"[{'text': 'OptimisPemulihanNegeri', 'indices': [150, 173]}]"
mellodie13,,,35,29,41,2021-01-24 12:21:38,2021-02-13 22:56:32,0,"Di Indonesia, vaksin dikirim dari dua produsen. Yakni, Sinovac (Tiongkok) dan AstraZeneca (Inggris) #OptimisPemulihanNegeri https://t.co/GnUrtbNfv5","[{'text': 'OptimisPemulihanNegeri', 'indices': [100, 123]}]"
Royhan481,,,1,0,85,2021-01-15 10:30:38,2021-02-13 22:56:06,0,"13 juta dosis vaksin Covid-19 itu harus mengantongi izin edar dari BPOM. Meski, bahan baku vaksin tersebut berasal dari Sinovac yang telah mengantongi EUA untuk tiga juta dosis vaksinğŸ‘ğŸ‘ #OptimisPemulihanNegeri https://t.co/P51fkTvNNI","[{'text': 'OptimisPemulihanNegeri', 'indices': [186, 209]}]"
s4rden_enak,sarden enthusiast!â™¡,,0,0,41,2021-01-23 07:37:58,2021-02-13 22:55:57,0,"13 juta dosis vaksin Covid-19 itu harus mengantongi izin edar dari BPOM. Meski, bahan baku vaksin tersebut berasal dari Sinovac yang telah mengantongi EUA untuk tiga juta dosis vaksinğŸ™ŒğŸ™Œ #OptimisPemulihanNegeri https://t.co/gZVPlchI9r","[{'text': 'OptimisPemulihanNegeri', 'indices': [186, 209]}]"
hancos50,,,1,0,84,2021-01-18 00:14:11,2021-02-13 22:55:53,0,"13 juta dosis vaksin Covid-19 itu harus mengantongi izin edar dari BPOM. Meski, bahan baku vaksin tersebut berasal dari Sinovac yang telah mengantongi EUA untuk tiga juta dosis vaksinğŸ‘ğŸ‘ #OptimisPemulihanNegeri https://t.co/BqEI9uxC5K","[{'text': 'OptimisPemulihanNegeri', 'indices': [186, 209]}]"
HorizonSupri,,,2,1,119,2021-01-19 23:13:56,2021-02-13 22:55:00,0,"vaksin dikirim dari dua produsen. Yakni, Sinovac (Tiongkok) dan AstraZeneca (Inggris) #OptimisPemulihanNegeri #Bg7tE ğŸ˜‡ğŸ˜‡ğŸ¤²ğŸ’ª https://t.co/0bp5cxY8CH","[{'text': 'OptimisPemulihanNegeri', 'indices': [86, 109]}, {'text': 'Bg7tE', 'indices': [110, 116]}]"
idntimes,"Official Account IDN Times | a multi-platform news and entertainment | Email: redaksi@idntimes.com | Baca Berita Tanpa Gangguan Iklan, download IDN App sekarang",,286,407585,375501,2011-10-10 10:25:12,2021-02-13 22:00:02,0,Benarkah ustaz Maaher meninggal akibat vaksin Sinovac? https://t.co/6AbHyZQXgT,[]
idntimes,"Official Account IDN Times | a multi-platform news and entertainment | Email: redaksi@idntimes.com | Baca Berita Tanpa Gangguan Iklan, download IDN App sekarang",,286,407585,375501,2011-10-10 10:25:12,2021-02-13 21:30:25,0,Benarkah ustaz Maaher meninggal akibat vaksin Sinovac? https://t.co/wdkSR4162r,[]
